title,artist,playlist
Tenderly,Sarah Vaughan,Sweet Georgia Brown Radio
Moonlight In Vermont,Ernestine Anderson,Sweet Georgia Brown Radio
Teach Me Tonight,Dinah Washington,Sweet Georgia Brown Radio
Do Nothing 'Til You Hear From Me,Abbey Lincoln,Sweet Georgia Brown Radio
Misty - Remastered,Dakota Staton,Sweet Georgia Brown Radio
Lullaby Of Birdland,Sarah Vaughan,Sweet Georgia Brown Radio
Let's Do It,Eartha Kitt,Sweet Georgia Brown Radio
Comes Love,Irene Kral,Sweet Georgia Brown Radio
All Of Me,Billie Holiday,Sweet Georgia Brown Radio
Mad About the Boy,Ernestine Anderson,Sweet Georgia Brown Radio
Black Coffee,Sarah Vaughan,Sweet Georgia Brown Radio
Willow Weep For Me,Dakota Staton,Sweet Georgia Brown Radio
As Time Goes By,Billie Holiday,Sweet Georgia Brown Radio
Say It (Over And Over Again),John Coltrane Quartet,Sweet Georgia Brown Radio
The Masquerade Is Over,Nancy Wilson;Cannonball Adderley,Sweet Georgia Brown Radio
Come Rain or Come Shine,Sarah Vaughan,Sweet Georgia Brown Radio
There's A Boat Dat's Leavin' Soon For New York,Ernestine Anderson,Sweet Georgia Brown Radio
I'm A Fool To Want You,Dexter Gordon,Sweet Georgia Brown Radio
Lover Man,Billie Holiday,Sweet Georgia Brown Radio
That Old Feeling,Dorothy Dandridge,Sweet Georgia Brown Radio
Words Can't Describe,Sarah Vaughan,Sweet Georgia Brown Radio
It's Easy To Remember,John Coltrane Quartet,Sweet Georgia Brown Radio
This Is Always,Betty Carter,Sweet Georgia Brown Radio
I've Got It Bad And That Ain't Good,Johnny Hodges;Billy Strayhorn,Sweet Georgia Brown Radio
Deed I Do,Blossom Dearie,Sweet Georgia Brown Radio
September Song,Sarah Vaughan,Sweet Georgia Brown Radio
I've Got A Crush On You,Dorothy Dandridge,Sweet Georgia Brown Radio
I Hear Music,Dakota Staton,Sweet Georgia Brown Radio
Cry Me A River,Dexter Gordon,Sweet Georgia Brown Radio
Body And Soul,Morgana King,Sweet Georgia Brown Radio
Honeysuckle Rose,Sarah Vaughan,Sweet Georgia Brown Radio
If I Had You,Etta Jones,Sweet Georgia Brown Radio
The Nearness Of You,Dorothy Dandridge,Sweet Georgia Brown Radio
Don't Take Your Love From Me,Catherine Russell,Sweet Georgia Brown Radio
The Last Time I Saw Paris,Johnny Hodges,Sweet Georgia Brown Radio
Smoke Gets In Your Eyes,Sarah Vaughan,Sweet Georgia Brown Radio
It's Only A Paper Moon,Morgana King,Sweet Georgia Brown Radio
Tea For Two,Blossom Dearie,Sweet Georgia Brown Radio
I'm In The Mood For Love,Erroll Garner,Sweet Georgia Brown Radio
April In Paris,Billie Holiday,Sweet Georgia Brown Radio
Mean to Me,Sarah Vaughan,Sweet Georgia Brown Radio
Beautiful Love,Anita O'Day,Sweet Georgia Brown Radio
I Wish You Love - 2004 Remastered/Remixed,Nancy Wilson,Sweet Georgia Brown Radio
September In The Rain,Dinah Washington,Sweet Georgia Brown Radio
You Don't Know What Love Is,Dakota Staton,Sweet Georgia Brown Radio
They Can't Take That Away From Me,Sarah Vaughan,Sweet Georgia Brown Radio
Tangerine,Coleman Hawkins;Ben Webster,Sweet Georgia Brown Radio
My Funny Valentine - Rudy Van Gelder Remaster 2007,Miles Davis Quintet,Sweet Georgia Brown Radio
How Long Has This Been Going On?,Dorothy Dandridge,Sweet Georgia Brown Radio
Save Your Love For Me,Nancy Wilson;Cannonball Adderley,Sweet Georgia Brown Radio
Whip Appeal,Babyface,Breathe Again Radio
Hard To Say I'm Sorry (feat. Peter Cetera),Az Yet;Peter Cetera,Breathe Again Radio
Lately - Live From Uptown MTV Unplugged/1993/Edit,Jodeci,Breathe Again Radio
"I'll Be There (feat. Trey Lorenz) - Live at MTV Unplugged, Kaufman Astoria Studios, New York - March 1992",Mariah Carey;Trey Lorenz,Breathe Again Radio
Reunited,Toni Braxton;Babyface,Breathe Again Radio
When Your Body Gets Weak,Babyface,Breathe Again Radio
When Troubles Come,Trey Lorenz,Breathe Again Radio
Fall For You,Shanice,Breathe Again Radio
Missin' You,The Tony Rich Project,Breathe Again Radio
Careless Whisper,Dave Koz;Montell Jordan,Breathe Again Radio
Breathe Again,Babyface,Breathe Again Radio
One Last Cry,Az Yet,Breathe Again Radio
Someone to Hold,Trey Lorenz,Breathe Again Radio
I'm Yours,Quincy Jones;El DeBarge;Siedah Garrett,Breathe Again Radio
Hey Blue,The Tony Rich Project,Breathe Again Radio
Seven Seas,Babyface,Breathe Again Radio
Tender Love,Uncle Sam,Breathe Again Radio
These Are The Times,Dru Hill,Breathe Again Radio
Just To Be Close To You,Trey Lorenz,Breathe Again Radio
Rock With You,Quincy Jones;Brandy;Heavy D,Breathe Again Radio
I Care About You,Babyface,Breathe Again Radio
Where Did We Go Wrong?,Toni Braxton;Babyface,Breathe Again Radio
Sailing,Avant,Breathe Again Radio
Lovin' You,Shanice,Breathe Again Radio
Through My Heart - (The Arrow),Az Yet,Breathe Again Radio
The Day (That You Gave Me A Son),Babyface,Breathe Again Radio
The Sweetest Love,Robin Thicke,Breathe Again Radio
Sweat,Toni Braxton;Babyface,Breathe Again Radio
A Girl Like You,Kevon Edmonds,Breathe Again Radio
Always In Love,Trey Lorenz,Breathe Again Radio
Exhale (Shoop Shoop) - Unplugged,Babyface,Breathe Again Radio
Have I Never,A Few Good Men,Breathe Again Radio
Knocks Me Off My Feet,Donell Jones,Breathe Again Radio
Time to End the Story,Az Yet,Breathe Again Radio
Baby Come To Me,Kevon Edmonds,Breathe Again Radio
When Men Grow Old,Babyface,Breathe Again Radio
Saving Forever for You,Shanice,Breathe Again Radio
Evergreen (with Babyface),Barbra Streisand;Babyface,Breathe Again Radio
Whenever Wherever Whatever - Remastered 2021,Maxwell,Breathe Again Radio
Since I Lost My Baby,Angie Stone,Breathe Again Radio
Gone Too Soon,Babyface,Breathe Again Radio
24/7,Kevon Edmonds,Breathe Again Radio
Make It Last Forever (feat. Calandra Glenn) - Live,Keith Sweat;Calandra Glenn,Breathe Again Radio
It Only Hurts When It's Love,Trey Lorenz,Breathe Again Radio
Everytime I Close My Eyes (with Babyface),Kenny G;Babyface,Breathe Again Radio
Talk To Me,Babyface,Breathe Again Radio
After the Love Has Gone,Damage,Breathe Again Radio
Love Will Be Waiting,Kevon Edmonds,Breathe Again Radio
I Didn't Realize,Jesse Powell,Breathe Again Radio
Love Between Me & You,Puff Johnson,Breathe Again Radio
There's Nothing Better Than Love,Luther Vandross,Power of Love/Love Power Radio
Caravan of Love,"Isley, Jasper, Isley",Power of Love/Love Power Radio
Casanova,Levert,Power of Love/Love Power Radio
If This World Were Mine (with Luther Vandross),Cheryl Lynn;Luther Vandross,Power of Love/Love Power Radio
Someone to Hold,Trey Lorenz,Power of Love/Love Power Radio
Power of Love / Love Power,Luther Vandross,Power of Love/Love Power Radio
Rock Wit'cha,Bobby Brown,Power of Love/Love Power Radio
Always,Pebbles,Power of Love/Love Power Radio
Falling,Melba Moore,Power of Love/Love Power Radio
Forever More,Puff Johnson,Power of Love/Love Power Radio
Your Secret Love,Luther Vandross,Power of Love/Love Power Radio
Til We Get It Right,Ashford & Simpson,Power of Love/Love Power Radio
Tender Love,Force M.D.'s,Power of Love/Love Power Radio
You Give Good Love,Whitney Houston,Power of Love/Love Power Radio
Giving You All My Love,Chris Walker,Power of Love/Love Power Radio
Don't Want to Be a Fool,Luther Vandross,Power of Love/Love Power Radio
One Heartbeat,Smokey Robinson,Power of Love/Love Power Radio
I Can't Wait Another Minute,Hi-Five,Power of Love/Love Power Radio
Roni,Bobby Brown,Power of Love/Love Power Radio
Willing to Forgive,Aretha Franklin,Power of Love/Love Power Radio
Any Love,Luther Vandross,Power of Love/Love Power Radio
Love Overboard,Gladys Knight & The Pips,Power of Love/Love Power Radio
I'd Give Anything,Gerald Levert,Power of Love/Love Power Radio
Gotta Get You Home Tonight,Eugene Wilde,Power of Love/Love Power Radio
Come Share My Love,Miki Howard,Power of Love/Love Power Radio
So Amazing,Luther Vandross,Power of Love/Love Power Radio
How Can I Ease the Pain,Lisa Fischer,Power of Love/Love Power Radio
Love Makes Things Happen,Pebbles,Power of Love/Love Power Radio
Boys To Men,New Edition,Power of Love/Love Power Radio
Just To See Her,Smokey Robinson,Power of Love/Love Power Radio
Here and Now,Luther Vandross,Power of Love/Love Power Radio
Can't Let You Go (The Sha La Song),Dave Koz;Luther Vandross,Power of Love/Love Power Radio
You're Number One (In My Book),Gladys Knight & The Pips,Power of Love/Love Power Radio
Love Is A House,Force M.D.'s,Power of Love/Love Power Radio
Don't Make Me Over,Sybil,Power of Love/Love Power Radio
Give Me the Reason,Luther Vandross,Power of Love/Love Power Radio
Lover for Life,Whitney Houston,Power of Love/Love Power Radio
"Baby, Come To Me",Patti Austin,Power of Love/Love Power Radio
All I Ever Ask,Najee,Power of Love/Love Power Radio
Make It Happen,Mariah Carey,Power of Love/Love Power Radio
I'd Rather - Radio Version,Luther Vandross,Power of Love/Love Power Radio
A Little Bit Of Love,New Edition,Power of Love/Love Power Radio
"Exhale (Shoop Shoop) - from ""Waiting to Exhale"" - Original Soundtrack",Whitney Houston,Power of Love/Love Power Radio
I Will Be There,Carl Anderson,Power of Love/Love Power Radio
Shake You Down,Gregory Abbott,Power of Love/Love Power Radio
For You to Love,Luther Vandross,Power of Love/Love Power Radio
Are You Still in Love with Me,Keith Washington,Power of Love/Love Power Radio
Can You Stand The Rain,New Edition,Power of Love/Love Power Radio
I Love Your Smile,Shanice,Power of Love/Love Power Radio
For the Love of You,Whitney Houston,Power of Love/Love Power Radio
I Will Always Love You,Dolly Parton,Just Leavin' Radio
Please Don't Stop Loving Me,Porter Wagoner;Dolly Parton,Just Leavin' Radio
Man! I Feel Like A Woman!,Shania Twain,Just Leavin' Radio
She's In Love With The Boy - Single Version,Trisha Yearwood,Just Leavin' Radio
Smokey Mountain Rain (feat. Dolly Parton),Ronnie Milsap;Dolly Parton,Just Leavin' Radio
Here You Come Again,Dolly Parton,Just Leavin' Radio
This Kiss,Faith Hill,Just Leavin' Radio
The Last Thing On My Mind,Porter Wagoner;Dolly Parton,Just Leavin' Radio
Any Man Of Mine,Shania Twain,Just Leavin' Radio
Achy Breaky Heart,Billy Ray Cyrus,Just Leavin' Radio
Jolene,Dolly Parton,Just Leavin' Radio
Do I Ever Cross Your Mind,Chet Atkins;Dolly Parton,Just Leavin' Radio
Creepin' In,Norah Jones;Dolly Parton,Just Leavin' Radio
Jeannie's Afraid of the Dark,Porter Wagoner;Dolly Parton,Just Leavin' Radio
My Father’s Daughter,Jewel;Dolly Parton,Just Leavin' Radio
9 to 5,Dolly Parton,Just Leavin' Radio
Thank God I'm a Country Boy,John Denver,Just Leavin' Radio
Let Your Love Flow,The Bellamy Brothers,Just Leavin' Radio
"Honey, I'm Home",Shania Twain,Just Leavin' Radio
Before I Met You,Porter Wagoner;Dolly Parton,Just Leavin' Radio
Coat of Many Colors,Dolly Parton,Just Leavin' Radio
Words (feat. Dolly Parton),Barry Gibb;Dolly Parton,Just Leavin' Radio
Mama He’s Crazy,Lainey Wilson;Dolly Parton,Just Leavin' Radio
Harper Valley P.T.A. - Remastered 2022,Jeannie C. Riley,Just Leavin' Radio
That Don't Impress Me Much - Edit,Shania Twain,Just Leavin' Radio
Love Is Like a Butterfly,Dolly Parton,Just Leavin' Radio
Daddy Was an Old Time Preacher Man,Porter Wagoner;Dolly Parton,Just Leavin' Radio
I Believe In You,Don Williams,Just Leavin' Radio
From Here to the Moon and Back (feat. Dolly Parton),Willie Nelson;Dolly Parton,Just Leavin' Radio
If I Said You Had A Beautiful Body Would You Hold It Against Me,The Bellamy Brothers,Just Leavin' Radio
Why'd You Come in Here Lookin' Like That,Dolly Parton,Just Leavin' Radio
No One Needs To Know,Shania Twain,Just Leavin' Radio
Just Someone I Used to Know,Porter Wagoner;Dolly Parton,Just Leavin' Radio
Girl Crush,Little Big Town,Just Leavin' Radio
Seven Year Ache,Rosanne Cash,Just Leavin' Radio
My Tennessee Mountain Home,Dolly Parton,Just Leavin' Radio
Your Man,Josh Turner,Just Leavin' Radio
Whose Bed Have Your Boots Been Under?,Shania Twain,Just Leavin' Radio
Two Sides to Every Story,Porter Wagoner;Dolly Parton,Just Leavin' Radio
Help Me Make It Through the Night,Sammi Smith,Just Leavin' Radio
Two Doors Down,Dolly Parton,Just Leavin' Radio
When You Say Nothing At All,Alison Krauss & Union Station,Just Leavin' Radio
Piece of My Heart,Faith Hill,Just Leavin' Radio
You're Still The One,Shania Twain,Just Leavin' Radio
Just Between You and Me,Porter Wagoner;Dolly Parton,Just Leavin' Radio
In the Ghetto,Dolly Parton,Just Leavin' Radio
Fire,The Pointer Sisters,Just Leavin' Radio
Annie's Song,John Denver,Just Leavin' Radio
The Gambler,Kenny Rogers,Just Leavin' Radio
Every Which Way but Loose - 2009 Remaster,Eddie Rabbitt,Just Leavin' Radio
Coat of Many Colors,Dolly Parton,Mama Say a Prayer Radio
Making Plans,Johnny Russell;Dolly Parton,Mama Say a Prayer Radio
Billy Dale - Dance Mix,Asleep At The Wheel;Dolly Parton,Mama Say a Prayer Radio
God's Colouring Book,Margo;Dolly Parton,Mama Say a Prayer Radio
Best Woman Wins (with Dolly Parton),Lorrie Morgan;Dolly Parton,Mama Say a Prayer Radio
Mama Say a Prayer,Dolly Parton,Mama Say a Prayer Radio
Please Don't Stop Loving Me,Porter Wagoner;Dolly Parton,Mama Say a Prayer Radio
I Never Will Marry (with Dolly Parton),Linda Ronstadt;Dolly Parton,Mama Say a Prayer Radio
Everyone But You and Me (with Dolly Parton),Mac Davis;Dolly Parton,Mama Say a Prayer Radio
Words (feat. Dolly Parton),Barry Gibb;Dolly Parton,Mama Say a Prayer Radio
Just Because I'm a Woman,Dolly Parton,Mama Say a Prayer Radio
Leave That Cowboy,Ray Benson;Dolly Parton,Mama Say a Prayer Radio
Holding On to Nothin',Porter Wagoner;Dolly Parton,Mama Say a Prayer Radio
No Brass Band - Remastered 2022,Jeannie C. Riley,Mama Say a Prayer Radio
Even Cowgirls Get the Blues - Remastered,Emmylou Harris;Dolly Parton;Linda Ronstadt,Mama Say a Prayer Radio
Harper Valley PTA,Dolly Parton,Mama Say a Prayer Radio
My Father’s Daughter,Jewel;Dolly Parton,Mama Say a Prayer Radio
From Here to the Moon and Back (feat. Dolly Parton),Willie Nelson;Dolly Parton,Mama Say a Prayer Radio
Jeannie's Afraid of the Dark,Porter Wagoner;Dolly Parton,Mama Say a Prayer Radio
Run Jeannie Run - Remastered 2022,Jeannie C. Riley,Mama Say a Prayer Radio
My Tennessee Mountain Home,Dolly Parton,Mama Say a Prayer Radio
Picture in My Mind,Carroll Baker,Mama Say a Prayer Radio
Smokey Mountain Rain (feat. Dolly Parton),Ronnie Milsap;Dolly Parton,Mama Say a Prayer Radio
When I Stop Dreaming,Don Henley;Dolly Parton,Mama Say a Prayer Radio
Just Between You and Me,Porter Wagoner;Dolly Parton,Mama Say a Prayer Radio
It's My Time,Dolly Parton,Mama Say a Prayer Radio
Before the Next Teardrop Falls,Jeannie C. Riley,Mama Say a Prayer Radio
One Night of Cheatin' (Ain't Worth the Reapin'),Carroll Baker,Mama Say a Prayer Radio
If Only for a Moment,Linda Manning,Mama Say a Prayer Radio
One Angel,rory feek;Dolly Parton,Mama Say a Prayer Radio
In the Good Old Days (When Times Were Bad),Dolly Parton,Mama Say a Prayer Radio
Together Always,Porter Wagoner;Dolly Parton,Mama Say a Prayer Radio
Mr. Harper - Remastered 2022,Jeannie C. Riley,Mama Say a Prayer Radio
The Hungry Fire of Love,Carroll Baker,Mama Say a Prayer Radio
I Don't Wanna Play House,Tammy Wynette,Mama Say a Prayer Radio
D.I.V.O.R.C.E.,Dolly Parton,Mama Say a Prayer Radio
It Only Hurts for a Little While,Margo Smith,Mama Say a Prayer Radio
Put It Off Until Tomorrow,Porter Wagoner;Dolly Parton,Mama Say a Prayer Radio
Shed Me No Tears - Remastered 2022,Jeannie C. Riley,Mama Say a Prayer Radio
Catching Raindrops,Ares,Mama Say a Prayer Radio
In the Ghetto,Dolly Parton,Mama Say a Prayer Radio
"Yes, Mr. Peters",Roy Drusky,Mama Say a Prayer Radio
The Gift,Heidi Parton;Dolly Parton,Mama Say a Prayer Radio
The Last Thing on My Mind,Porter Wagoner;Dolly Parton,Mama Say a Prayer Radio
Me and Bobby Mcgee,Jeannie C. Riley,Mama Say a Prayer Radio
Heartbreaker,Dolly Parton,Mama Say a Prayer Radio
Coal Miner's Daughter - Single Version,Loretta Lynn,Mama Say a Prayer Radio
Someone I Used To Know,Lee Ann Womack,Mama Say a Prayer Radio
Broken Angels,The Grascals;Dolly Parton,Mama Say a Prayer Radio
Just Someone I Used to Know,Porter Wagoner;Dolly Parton,Mama Say a Prayer Radio
Bright Lights And Country Music - Re-Recorded In Stereo,Bill Anderson,Walk Out Backwards Radio
Lonesome 7-7203,Hawkshaw Hawkins,Walk Out Backwards Radio
Pop a Top,Jim Ed Brown,Walk Out Backwards Radio
Pick Me Up On Your Way Down - Single Version,Charlie Walker,Walk Out Backwards Radio
I Don't Love You Anymore,Charlie Louvin,Walk Out Backwards Radio
Walk Out Backwards,Bill Anderson,Walk Out Backwards Radio
The Key's in the Mailbox,Freddie Hart,Walk Out Backwards Radio
It's Such A Pretty World Today,Wynn Stewart,Walk Out Backwards Radio
Slippin' Away,Jean Shepard,Walk Out Backwards Radio
Almost Persuaded,David Houston,Walk Out Backwards Radio
Still,Bill Anderson,Walk Out Backwards Radio
Once A Day,Charlie Louvin,Walk Out Backwards Radio
Anymore,Roy Drusky,Walk Out Backwards Radio
There Goes My Everything,Jack Greene,Walk Out Backwards Radio
May the Bird of Paradise Fly up Your Nose,Little Jimmy Dickens,Walk Out Backwards Radio
I Get The Fever,Bill Anderson,Walk Out Backwards Radio
My Shoes Keep Walking Back to You,Charlie Walker,Walk Out Backwards Radio
Borrowed Angel,MEL STREET,Walk Out Backwards Radio
"Yes, Mr. Peters",Roy Drusky,Walk Out Backwards Radio
Truck Driving Man,George Hamilton IV,Walk Out Backwards Radio
But You Know I Love You,Bill Anderson,Walk Out Backwards Radio
Life Turned Her That Way,Little Jimmy Dickens,Walk Out Backwards Radio
Don't Squeeze My Sharmon,Charlie Walker,Walk Out Backwards Radio
Walking the Streets,Webb Pierce,Walk Out Backwards Radio
(From Now On All My Friends Are Gonna Be) Strangers,Roy Drusky,Walk Out Backwards Radio
Po' Folks,Bill Anderson,Walk Out Backwards Radio
"Bottle, Bottle",Jim Ed Brown,Walk Out Backwards Radio
If A Woman Answers (Hang Up The Phone),Leroy Van Dyke,Walk Out Backwards Radio
Who Will Buy The Wine - Single Version,Charlie Walker,Walk Out Backwards Radio
Deep Water,Carl Smith,Walk Out Backwards Radio
If You Can Live With It (I Can Live Without It),Bill Anderson,Walk Out Backwards Radio
Three Hearts in a Tangle,Roy Drusky,Walk Out Backwards Radio
Sweet Country Woman,Johnny Duncan,Walk Out Backwards Radio
I Heard the Bluebirds Sing,The Browns,Walk Out Backwards Radio
Back Street Affair,Webb Pierce,Walk Out Backwards Radio
My Life (Throw It Away If I Want To),Bill Anderson,Walk Out Backwards Radio
Candy Kisses,George Morgan,Walk Out Backwards Radio
Another,Roy Drusky,Walk Out Backwards Radio
Wine Me Up,Sons of the Pioneers,Walk Out Backwards Radio
Barroom Pals And Goodtime Gals (feat. Jim Ed Brown),The Browns;Jim Ed Brown,Walk Out Backwards Radio
Don't She Look Good,Bill Anderson,Walk Out Backwards Radio
I Don't Want to Have to Marry You,Jim Ed Brown;Helen Cornelius,Walk Out Backwards Radio
It Couldn't Have Been Any Better,Johnny Duncan,Walk Out Backwards Radio
Second Hand Rose,Roy Drusky,Walk Out Backwards Radio
Wings Of A Dove,Ferlin Husky,Walk Out Backwards Radio
Wild Week-End,Bill Anderson,Walk Out Backwards Radio
Statue Of A Fool,Jack Greene,Walk Out Backwards Radio
Talk Back Trembling Lips,Ernest Ashworth,Walk Out Backwards Radio
Let Me Go (Set Me Free),Johnny Duncan,Walk Out Backwards Radio
Walk On By,Leroy Van Dyke,Walk Out Backwards Radio
Don't,Elvis Presley,Wisdom of the Ages Radio
"The Lady Loves Me (from the MGM movie soundtrack ""Viva Las Vegas"")",Ann-Margret;Elvis Presley,Wisdom of the Ages Radio
We Call On Him,Glen Campbell;Elvis Presley,Wisdom of the Ages Radio
That's My Little Suzie,Ritchie Valens,Wisdom of the Ages Radio
Strange Kisses,The Big Bopper,Wisdom of the Ages Radio
Wisdom of the Ages,Elvis Presley,Wisdom of the Ages Radio
('Til) I Kissed You,The Everly Brothers,Wisdom of the Ages Radio
"Elvis, Mama, & Lisa Marie",Elvis A.D.,Wisdom of the Ages Radio
I Got The Blues,Dion & The Belmonts,Wisdom of the Ages Radio
In a Turkish Town,Ritchie Valens,Wisdom of the Ages Radio
サレンダー,Elvis Presley,Wisdom of the Ages Radio
Someone Watching Over You,The Big Bopper,Wisdom of the Ages Radio
Dancing on My Feet,The Everly Brothers,Wisdom of the Ages Radio
Vegas Rehearsal/That's All Right,Austin Butler;Elvis Presley,Wisdom of the Ages Radio
Rock And Roll Music,Chuck Berry,Wisdom of the Ages Radio
Happy Ending,Elvis Presley,Wisdom of the Ages Radio
Hurry Up,Ritchie Valens,Wisdom of the Ages Radio
The Clock,The Big Bopper,Wisdom of the Ages Radio
Bird Dog,The Everly Brothers,Wisdom of the Ages Radio
Don't Pity Me,Dion & The Belmonts,Wisdom of the Ages Radio
Cross My Heart and Hope to Die,Elvis Presley,Wisdom of the Ages Radio
Almost Grown,Chuck Berry,Wisdom of the Ages Radio
Paddiwack Song,Ritchie Valens,Wisdom of the Ages Radio
I Want To Walk You Home,Fats Domino,Wisdom of the Ages Radio
Love Hurts - 2007 Remaster,The Everly Brothers,Wisdom of the Ages Radio
I'll Be Back,Elvis Presley,Wisdom of the Ages Radio
Lost For Sure,Dion,Wisdom of the Ages Radio
Carol,Chuck Berry,Wisdom of the Ages Radio
Boney Maronie,Ritchie Valens,Wisdom of the Ages Radio
Blue Monday,Fats Domino,Wisdom of the Ages Radio
Kismet,Elvis Presley,Wisdom of the Ages Radio
So Sad (To Watch Good Love Go Bad) - 2007 Remaster,The Everly Brothers,Wisdom of the Ages Radio
Beggar To A King,The Big Bopper,Wisdom of the Ages Radio
Reelin' And Rockin',Chuck Berry,Wisdom of the Ages Radio
Bluebirds Over the Mountain,Ritchie Valens,Wisdom of the Ages Radio
Tender Feeling,Elvis Presley,Wisdom of the Ages Radio
My Blue Heaven,Fats Domino,Wisdom of the Ages Radio
Bye Bye Love - Original Recording Remastered,The Everly Brothers,Wisdom of the Ages Radio
In My Dreams,Gene Vincent,Wisdom of the Ages Radio
"Memphis, Tennessee",Chuck Berry,Wisdom of the Ages Radio
Animal Instinct,Elvis Presley,Wisdom of the Ages Radio
"Cry, Cry, Cry",Ritchie Valens,Wisdom of the Ages Radio
Walking To New Orleans,Fats Domino,Wisdom of the Ages Radio
Love Is Strange,The Everly Brothers,Wisdom of the Ages Radio
Where Or When,Dion & The Belmonts,Wisdom of the Ages Radio
I Don't Want To,Elvis Presley;The Jordanaires,Wisdom of the Ages Radio
Pink Petticoats,The Big Bopper,Wisdom of the Ages Radio
Framed,Ritchie Valens,Wisdom of the Ages Radio
Blueberry Hill,Fats Domino,Wisdom of the Ages Radio
Walk Right Back,The Everly Brothers,Wisdom of the Ages Radio
Blue Suede Shoes,Elvis Presley,Hound Dog Radio
(We're Gonna) Rock Around The Clock,Bill Haley & His Comets,Hound Dog Radio
Tutti Frutti,Little Richard,Hound Dog Radio
La Bamba - Single Version,Ritchie Valens,Hound Dog Radio
Let's Twist Again,Chubby Checker,Hound Dog Radio
Hound Dog,Elvis Presley,Hound Dog Radio
Surfin' U.S.A. - Remastered 2001,The Beach Boys,Hound Dog Radio
"Shake, Rattle And Roll",Bill Haley & His Comets,Hound Dog Radio
Long Tall Sally (The Thing),Little Richard,Hound Dog Radio
"Come On, Let's Go",Ritchie Valens,Hound Dog Radio
Jailhouse Rock,Elvis Presley,Hound Dog Radio
The Twist,Chubby Checker,Hound Dog Radio
Splish Splash,Bobby Darin,Hound Dog Radio
"See You Later, Alligator",Bill Haley & His Comets,Hound Dog Radio
"Good Golly, Miss Molly",Little Richard,Hound Dog Radio
Heartbreak Hotel,Elvis Presley,Hound Dog Radio
I Get Around (Mono),The Beach Boys,Hound Dog Radio
Wake Up Little Susie,The Everly Brothers,Hound Dog Radio
Rockin' Robin,Bobby Day,Hound Dog Radio
Dream Lover - 2006 Remaster,Bobby Darin,Hound Dog Radio
Don't Be Cruel,Elvis Presley,Hound Dog Radio
Rip It Up,Little Richard,Hound Dog Radio
Diana - Remastered 2003,Paul Anka,Hound Dog Radio
Ain't That A Shame,Fats Domino,Hound Dog Radio
Yakety Yak,The Coasters,Hound Dog Radio
That's All Right,Elvis Presley,Hound Dog Radio
Big Girls Don't Cry,Frankie Valli & The Four Seasons,Hound Dog Radio
It's Not Unusual,Tom Jones,Hound Dog Radio
Tequila,The Champs,Hound Dog Radio
I'm Walkin',Fats Domino,Hound Dog Radio
All Shook Up,Elvis Presley,Hound Dog Radio
Bye Bye Love - Original Recording Remastered,The Everly Brothers,Hound Dog Radio
Vegas Rehearsal/That's All Right,Austin Butler;Elvis Presley,Hound Dog Radio
I'm a Believer - 2006 Remaster,The Monkees,Hound Dog Radio
Crazy Little Thing Called Love - Remastered 2011,Queen,Hound Dog Radio
Burning Love,Elvis Presley,Hound Dog Radio
At The Hop,Danny & The Juniors,Hound Dog Radio
New Rock The Joint,Bill Haley & His Comets,Hound Dog Radio
Johnny B. Goode,Chuck Berry,Hound Dog Radio
Chantilly Lace,The Big Bopper,Hound Dog Radio
(You're The) Devil In Disguise,Elvis Presley,Hound Dog Radio
"The Lady Loves Me (from the MGM movie soundtrack ""Viva Las Vegas"")",Ann-Margret;Elvis Presley,Hound Dog Radio
Let's Have A Party,Wanda Jackson,Hound Dog Radio
Rock Around the Clock (Alternate Take),Bill Haley & His Comets,Hound Dog Radio
Only You (And You Alone),The Platters,Hound Dog Radio
(Let Me Be Your) Teddy Bear,Elvis Presley,Hound Dog Radio
La Bamba - Remastered,Ritchie Valens,Hound Dog Radio
Roll Over Beethoven,Chuck Berry,Hound Dog Radio
"Shout, Pts. 1 & 2",The Isley Brothers,Hound Dog Radio
Respect,Aretha Franklin,Hound Dog Radio
Brain Damage,Eminem,Rock Bottom Radio
Don't Aproach Me (feat. Eminem),Xzibit;Eminem,Rock Bottom Radio
Patiently Waiting,50 Cent;Eminem,Rock Bottom Radio
3hree6ix5ive (feat. Eminem & SKAM2?),OldWorlDisorder;Eminem;SKAM2?,Rock Bottom Radio
Things Get Worse,B.o.B;Eminem,Rock Bottom Radio
Marshall Mathers,Eminem,Rock Bottom Radio
Bang (feat. Eminem),Conway the Machine;Eminem,Rock Bottom Radio
My Name (feat. Eminem & Nate Dogg),Xzibit;Eminem;Nate Dogg,Rock Bottom Radio
GATman And Robbin,50 Cent;Eminem,Rock Bottom Radio
Stir Crazy (feat. Eminem),The Madd Rapper;Eminem,Rock Bottom Radio
Rock Bottom,Eminem,Rock Bottom Radio
Rush Ya Clique,Outsidaz;Eminem,Rock Bottom Radio
Freestyle (feat. Eminem),DJ Kay Slay;Eminem,Rock Bottom Radio
The Last Hit,The High & Mighty;Eminem,Rock Bottom Radio
Chemical Warfare,The Alchemist;Eminem,Rock Bottom Radio
Criminal,Eminem,Rock Bottom Radio
Green and Gold (feat. Eminem),The Anonymous;Vesuveo;Able;Zinndeadly;Eminem;DJ Drez,Rock Bottom Radio
Psycho,50 Cent;Eminem,Rock Bottom Radio
Pistol Poppin',Ca$his;Eminem,Rock Bottom Radio
Busa Rhyme (feat. Eminem),Missy Elliott;Eminem,Rock Bottom Radio
If I Had,Eminem,Rock Bottom Radio
Drop The World,Lil Wayne;Eminem,Rock Bottom Radio
Watch Deez (feat. Eminem),Thirstin Howl The 3rd;Eminem,Rock Bottom Radio
Calm Down (feat. Eminem),Busta Rhymes;Eminem,Rock Bottom Radio
No More To Say,Trick Trick;Eminem;Proof,Rock Bottom Radio
Kill You,Eminem,Rock Bottom Radio
What If I Was White,Sticky Fingaz;Eminem,Rock Bottom Radio
We Shine,UNCLE ILL;Eminem,Rock Bottom Radio
Off To Tijuana,Hush;Eminem;Kuniva;Swifty McVay,Rock Bottom Radio
Symphony In H (feat. Eminem),Tony Touch;Eminem,Rock Bottom Radio
Just Don't Give A Fuck,Eminem,Rock Bottom Radio
Walkthrough! (feat. Eminem),GRIP;Eminem,Rock Bottom Radio
Don't Push Me,50 Cent;Lloyd Banks;Eminem,Rock Bottom Radio
Hustlers & Hardcore,Domingo;Eminem,Rock Bottom Radio
Welcome To D-Block,Jadakiss;Eminem;Styles P;Sheek Louch,Rock Bottom Radio
Hailie's Song,Eminem,Rock Bottom Radio
Doomsday Pt. 2 (with Eminem),Lyrical Lemonade;Eminem,Rock Bottom Radio
That's All She Wrote,T.I.;Eminem,Rock Bottom Radio
My Life,50 Cent;Eminem;Adam Levine,Rock Bottom Radio
The Adventures of Moon Man & Slim Shady (with Eminem),Kid Cudi;Eminem,Rock Bottom Radio
Still Don't Give A Fuck,Eminem,Rock Bottom Radio
The Reunion,Bad Meets Evil,Rock Bottom Radio
911 (feat. Eminem & B-Real),Boo-Yaa T.R.I.B.E.;Eminem;B-Real,Rock Bottom Radio
Bang (feat. Eminem) - Remix,Griselda;Eminem,Rock Bottom Radio
Peep Show,50 Cent;Eminem,Rock Bottom Radio
I'm Back,Eminem,Rock Bottom Radio
"Airplanes, Pt. II (feat. Eminem & Hayley Williams of Paramore)",B.o.B;Eminem;Hayley Williams,Rock Bottom Radio
2009 Pt. 1,Black Thought;Mos Def;Eminem,Rock Bottom Radio
Welcome 2 Hell,Bad Meets Evil,Rock Bottom Radio
Welcome 2 Detroit,Trick Trick;Eminem,Rock Bottom Radio
Working Class Hero,Marianne Faithfull,Epilogue Radio
Don't forget me,Harry Nilsson;Marianne Faithfull;Vienna Radio Symphony Orchestra,Epilogue Radio
Without Blame,Ismaël Lô;Marianne Faithfull,Epilogue Radio
All The Best - Live,Carla Bruni;Marianne Faithfull,Epilogue Radio
That Leaving Feeling,Stuart A. Staples,Epilogue Radio
It's All Over Now Baby Blue,Marianne Faithfull,Epilogue Radio
If It Be Your Will,Antony,Epilogue Radio
Boulevard of broken dreams,Al Dubin;Marianne Faithfull;Vienna Radio Symphony Orchestra,Epilogue Radio
Bring 'Em All In,Mike Scott,Epilogue Radio
A Song For Europe,Roxy Music,Epilogue Radio
What's The Hurry?,Marianne Faithfull,Epilogue Radio
Goodbye to Old Friends,Stuart A. Staples,Epilogue Radio
Mysteries,Beth Gibbons;Rustin Man,Epilogue Radio
If I Were A Carpenter,Tim Hardin,Epilogue Radio
Heaven Stood Still,Mink DeVille,Epilogue Radio
"Sister Morphine - 12"" Version",Marianne Faithfull,Epilogue Radio
Jersey Girl,Tom Waits,Epilogue Radio
The Big Ones Get Away,Buffy Sainte-Marie,Epilogue Radio
The Lady With The Braid,Dory Previn,Epilogue Radio
Your Ghost,Kristin Hersh,Epilogue Radio
The Ballad Of Lucy Jordan,Marianne Faithfull,Epilogue Radio
Tumbling Down - 2012 Remaster,Steve Harley & Cockney Rebel,Epilogue Radio
You Are My Sister,Antony and the Johnsons;ANOHNI,Epilogue Radio
Bella Ciao,Anita Lane,Epilogue Radio
Down To Zero,Joan Armatrading,Epilogue Radio
The Gypsy Faerie Queen,Marianne Faithfull,Epilogue Radio
How Can We Hang On To A Dream,Tim Hardin,Epilogue Radio
She Is so Beautiful,Mike Scott,Epilogue Radio
Where Do You Go To (My Lovely),Peter Sarstedt,Epilogue Radio
The World's a Girl,Anita Lane,Epilogue Radio
Brain Drain,Marianne Faithfull,Epilogue Radio
Big Boss Man,Mercury Rev;Hope Sandoval,Epilogue Radio
Alabama Song,Kurt Weill;Marianne Faithfull;Vienna Radio Symphony Orchestra,Epilogue Radio
Soldier Blue,Buffy Sainte-Marie,Epilogue Radio
Martha,Tom Waits,Epilogue Radio
Visions Of Johanna,Marianne Faithfull,Epilogue Radio
The Next Man That I See,Anita Lane,Epilogue Radio
Marz,John Grant,Epilogue Radio
The Rider Song,Nick Cave & Warren Ellis,Epilogue Radio
Goodnight,Buffy Sainte-Marie,Epilogue Radio
As Tears Go By - 1987 Version,Marianne Faithfull,Epilogue Radio
Downtown Train - 2023 Remaster,Tom Waits,Epilogue Radio
Shipbuilding,Elvis Costello & The Attractions,Epilogue Radio
Bird On the Wire,Tim Hardin,Epilogue Radio
There Is a Path,Stuart A. Staples,Epilogue Radio
Sad Lisa,Marianne Faithfull,Epilogue Radio
The Days of Pearly Spencer,David McWilliams,Epilogue Radio
Mack the knife,Kurt Weill;Marianne Faithfull;Vienna Radio Symphony Orchestra,Epilogue Radio
Don't Let Me Be Misunderstood,Elvis Costello,Epilogue Radio
Who Knows Where The Time Goes?,Fairport Convention,Epilogue Radio
Drunk On Love,Rihanna,Roc me Out Radio
Princess of China - Radio Edit,Coldplay;Rihanna,Roc me Out Radio
I’m Back (feat. Rihanna),Question?;Rihanna,Roc me Out Radio
Nothing Is Promised (with Rihanna),Mike WiLL Made-It;Rihanna,Roc me Out Radio
Livin' A Lie,The-Dream;Rihanna,Roc me Out Radio
Complicated,Rihanna,Roc me Out Radio
First Time,Fabolous;Rihanna,Roc me Out Radio
Numba 1 (Tide Is High),Kardinal Offishall;Rihanna,Roc me Out Radio
Throw Your Hands Up (feat. Rihanna),Elephant Man;Rihanna,Roc me Out Radio
Change Your Life,Iggy Azalea;T.I.,Roc me Out Radio
Roc Me Out,Rihanna,Roc me Out Radio
Can't Remember to Forget You (feat. Rihanna),Shakira;Rihanna,Roc me Out Radio
If I Never See Your Face Again - Paul Oakenfold Remix,Maroon 5;Rihanna,Roc me Out Radio
Boom Boom (feat. Rihanna),Cham;Rihanna,Roc me Out Radio
Shy Ronnie 2: Ronnie & Clyde,The Lonely Island;Rihanna,Roc me Out Radio
Fading,Rihanna,Roc me Out Radio
TKO,Justin Timberlake,Roc me Out Radio
Whiplash,Selena Gomez & The Scene,Roc me Out Radio
Who's That Chick ? (feat. Rihanna) - Single Version,David Guetta;Rihanna,Roc me Out Radio
Walk The Line,Iggy Azalea,Roc me Out Radio
We All Want Love,Rihanna,Roc me Out Radio
wRoNg (feat. Kehlani),ZAYN;Kehlani,Roc me Out Radio
Break It Off (feat. Rihanna),Sean Paul;Rihanna,Roc me Out Radio
As Long As You Love Me,Justin Bieber;Big Sean,Roc me Out Radio
That's Me Right There,Dylan Jenét,Roc me Out Radio
Wait Your Turn,Rihanna,Roc me Out Radio
Lemon - Edit,N.E.R.D;Rihanna,Roc me Out Radio
King Of Hearts,Cassie,Roc me Out Radio
Baby Don't Lie,Gwen Stefani,Roc me Out Radio
Fly,Nicki Minaj;Rihanna,Roc me Out Radio
Farewell,Rihanna,Roc me Out Radio
Team,Iggy Azalea,Roc me Out Radio
Enemiez,Keke Palmer;Jeremih,Roc me Out Radio
Shout Shout,Alexis Jordan,Roc me Out Radio
Live Your Life,T.I.;Rihanna,Roc me Out Radio
Lost In Paradise,Rihanna,Roc me Out Radio
Bang Bang Bang,Selena Gomez & The Scene,Roc me Out Radio
Bad (feat. Rihanna) - Remix,Wale;Rihanna,Roc me Out Radio
Love U Betta,Neon Hitch,Roc me Out Radio
She Don't Like The Lights,Justin Bieber,Roc me Out Radio
Fool In Love,Rihanna,Roc me Out Radio
How You Like Me Now,Alexis Jordan,Roc me Out Radio
Replay,Zendaya,Roc me Out Radio
Round & Round,Selena Gomez & The Scene,Roc me Out Radio
Don't Stop Me,Wynter Gordon,Roc me Out Radio
ROCKSTAR 101,Rihanna;Slash,Roc me Out Radio
The Monster,Eminem;Rihanna,Roc me Out Radio
What Do U Want,Cassie,Roc me Out Radio
Higher,Taio Cruz,Roc me Out Radio
Hit The Lights,Selena Gomez & The Scene,Roc me Out Radio
Survivor,M.I.A.,Finally Radio
Sound Of Siren,Major Lazer;M.I.A.;Busy Signal,Finally Radio
Tropical Chancer,La Roux,Finally Radio
Temple,Baauer;G-DRAGON;M.I.A.,Finally Radio
Woman Is a Word,Empress Of,Finally Radio
aTENTion,M.I.A.,Finally Radio
Rewind,Kelela,Finally Radio
You Take My Breath Away,The Knife,Finally Radio
Ch-Ching,Chairlift,Finally Radio
Gemini Feed,BANKS,Finally Radio
Finally,M.I.A.,Finally Radio
Ultimate Syndrome (feat. Tami T),Gnucci;Tami T,Finally Radio
iT,Christine and the Queens,Finally Radio
Pass This On,The Knife,Finally Radio
Come Meh Way,Sudan Archives,Finally Radio
MATANGI,M.I.A.,Finally Radio
Fuck With Myself,BANKS,Finally Radio
Jump in (Cross the Line),Anoushka Shankar;M.I.A.,Finally Radio
Wavvy,Mykki Blanco,Finally Radio
Heartbeats,The Knife,Finally Radio
Bird Song - Diplo Remix,M.I.A.,Finally Radio
Let Me Down Gently,La Roux,Finally Radio
Underdog,BANKS,Finally Radio
Up Inna,Cadenza;M.I.A.;GuiltyBeatz,Finally Radio
Lady Wood,Tove Lo,Finally Radio
P.O.W.A,M.I.A.,Finally Radio
Drugs (feat. ABRA),Charli xcx;ABRA,Finally Radio
Anymore,Goldfrapp,Finally Radio
LMK,Kelela,Finally Radio
Skwod,Nadia Rose,Finally Radio
Go Off,M.I.A.,Finally Radio
"Cash, Diamond Rings, Swimmingpools",Dena,Finally Radio
Close Up,Peaches;Kim Gordon,Finally Radio
Johny,Sofi Tukker,Finally Radio
Nont For Sale,Sudan Archives,Finally Radio
Only 1 U,M.I.A.,Finally Radio
This Is Not About Us,BANKS,Finally Radio
jaguars in the air,Lykke Li,Finally Radio
Narcissus Is Back,Christine and the Queens,Finally Radio
Things You Know Nothing About - Re-Edit,Mapei,Finally Radio
Borders,M.I.A.,Finally Radio
Marble House,The Knife,Finally Radio
Need Myself,Empress Of,Finally Radio
Interpassion,Yelle,Finally Radio
Togetherness (feat. Caroline Polachek),Fischerspooner;Caroline Polachek,Finally Radio
Know It Ain't Right,M.I.A.,Finally Radio
Wild Season (feat. Florence Welch),Banks & Steelz;Florence Welch,Finally Radio
Boom,Kalifa,Finally Radio
Everything Is You,Empress Of,Finally Radio
Fire with Fire,FEMME,Finally Radio
Kill You,Eminem,We Made You Radio
Renegade,JAY-Z;Eminem,We Made You Radio
Calm Down (feat. Eminem),Busta Rhymes;Eminem,We Made You Radio
Pistol Poppin',Ca$his;Eminem,We Made You Radio
C’mon Let Me Ride,Skylar Grey;Eminem,We Made You Radio
We Made You,Eminem,We Made You Radio
Dead Wrong (feat. Eminem) - 2005 Remaster,The Notorious B.I.G.;Eminem,We Made You Radio
Stir Crazy (feat. Eminem),The Madd Rapper;Eminem,We Made You Radio
Here Comes the Weekend (feat. Eminem),P!nk;Eminem,We Made You Radio
Hip Hop,Bizarre;Eminem,We Made You Radio
Criminal,Eminem,We Made You Radio
Twisted,Skylar Grey;Eminem;Yelawolf,We Made You Radio
That's All She Wrote,T.I.;Eminem,We Made You Radio
3hree6ix5ive (feat. Eminem & SKAM2?),OldWorlDisorder;Eminem;SKAM2?,We Made You Radio
Revenge (feat. Eminem),P!nk;Eminem,We Made You Radio
Insane,Eminem,We Made You Radio
Majesty (with Labrinth & feat. Eminem),Nicki Minaj;Labrinth;Eminem,We Made You Radio
Green and Gold (feat. Eminem),The Anonymous;Vesuveo;Able;Zinndeadly;Eminem;DJ Drez,We Made You Radio
Where The Hood At,DMX,We Made You Radio
Murdergram Deux (feat. Eminem),LL COOL J;Eminem,We Made You Radio
Ass Like That,Eminem,We Made You Radio
Symphony In H (feat. Eminem),Tony Touch;Eminem,We Made You Radio
What If I Was White,Sticky Fingaz;Eminem,We Made You Radio
Rush Ya Clique,Outsidaz;Eminem,We Made You Radio
X Gon' Give It To Ya - Int'l Bonus track,DMX,We Made You Radio
3 a.m.,Eminem,We Made You Radio
The Reunion,Bad Meets Evil,We Made You Radio
911 (feat. Eminem & B-Real),Boo-Yaa T.R.I.B.E.;Eminem;B-Real,We Made You Radio
Off To Tijuana,Hush;Eminem;Kuniva;Swifty McVay,We Made You Radio
Touchdown,T.I.;Eminem,We Made You Radio
Drug Ballad,Eminem,We Made You Radio
Busa Rhyme (feat. Eminem),Missy Elliott;Eminem,We Made You Radio
Homicide (feat. Eminem),Logic;Eminem,We Made You Radio
Fast Lane,Bad Meets Evil,We Made You Radio
Best Friend,Yelawolf;Eminem,We Made You Radio
Underground,Eminem,We Made You Radio
Hustlers & Hardcore,Domingo;Eminem,We Made You Radio
Walkthrough! (feat. Eminem),GRIP;Eminem,We Made You Radio
(Rap) Superstar (feat. Eminem & Noreaga),Cypress Hill;Eminem;N.O.R.E.,We Made You Radio
Above The Law,Bad Meets Evil,We Made You Radio
Rain Man,Eminem,We Made You Radio
Roman's Revenge,Nicki Minaj;Eminem,We Made You Radio
The Adventures of Moon Man & Slim Shady (with Eminem),Kid Cudi;Eminem,We Made You Radio
Realest (with Eminem),Ez Mil;Eminem,We Made You Radio
Chemical Warfare,The Alchemist;Eminem,We Made You Radio
My Mom,Eminem,We Made You Radio
Welcome 2 Hell,Bad Meets Evil,We Made You Radio
My Name (feat. Eminem & Nate Dogg),Xzibit;Eminem;Nate Dogg,We Made You Radio
Freestyle (feat. Eminem),DJ Kay Slay;Eminem,We Made You Radio
Forgot About Dre,Dr. Dre;Eminem,We Made You Radio
Tonight It's Goin' Down,Babyface,Good to Be In Love Radio
Never Love You,Kevon Edmonds,Good to Be In Love Radio
That's All I Want,Az Yet,Good to Be In Love Radio
Sure Thing,Ruff Endz,Good to Be In Love Radio
Give Me My Baby,Sam Salter,Good to Be In Love Radio
Good To Be In Love,Babyface,Good to Be In Love Radio
Hey Blue,The Tony Rich Project,Good to Be In Love Radio
Anyway,Kevon Edmonds,Good to Be In Love Radio
Every Little Bit of My Heart,Az Yet,Good to Be In Love Radio
You,Ruff Endz,Good to Be In Love Radio
All Day Thinkin',Babyface,Good to Be In Love Radio
Someone Like You,Uncle Sam,Good to Be In Love Radio
Never Should've Let You Go,Hi-Five,Good to Be In Love Radio
24/7,Kevon Edmonds,Good to Be In Love Radio
Sadder Than Blue,Az Yet,Good to Be In Love Radio
God Must Love U,Babyface,Good to Be In Love Radio
As My Girl,Maxwell,Good to Be In Love Radio
Think About Me,Uncle Sam,Good to Be In Love Radio
Do U See,Koffee Brown,Good to Be In Love Radio
How Often,Kevon Edmonds,Good to Be In Love Radio
I Said I Love You,Babyface,Good to Be In Love Radio
Saved for Someone Else,Az Yet,Good to Be In Love Radio
Saying I Love You,Ruff Endz,Good to Be In Love Radio
Without Lovin' You,Uncle Sam,Good to Be In Love Radio
Luv Led Me 2 U,RL,Good to Be In Love Radio
She's International,Babyface,Good to Be In Love Radio
I Want You More,Kevon Edmonds,Good to Be In Love Radio
Inseparable Lovers,Az Yet,Good to Be In Love Radio
Will You Be Mine,Ruff Endz,Good to Be In Love Radio
Thow Your Hands In the Air,Uncle Sam,Good to Be In Love Radio
What If - Urban Mix,Babyface,Good to Be In Love Radio
Every Time A Car Drives By,Sam Salter,Good to Be In Love Radio
Tell Me,Kevon Edmonds,Good to Be In Love Radio
Time to End the Story,Az Yet,Good to Be In Love Radio
Someone To Love You,Ruff Endz,Good to Be In Love Radio
Goin' Outta Business,Babyface,Good to Be In Love Radio
Tender Love,Uncle Sam,Good to Be In Love Radio
What's Come Over Me? - Radio Edit aka 'Main Version',Glenn Lewis;Amel Larrieux,Good to Be In Love Radio
Love Will Be Waiting,Kevon Edmonds,Good to Be In Love Radio
Wawa,Anne Krah,Good to Be In Love Radio
When Men Grow Old,Babyface,Good to Be In Love Radio
I Apologize,Ruff Endz,Good to Be In Love Radio
Secrets,Az Yet,Good to Be In Love Radio
Reunited,Toni Braxton;Babyface,Good to Be In Love Radio
When I'm With You,Kevon Edmonds,Good to Be In Love Radio
Can't Stop Now,Babyface,Good to Be In Love Radio
Can You Feel It,Uncle Sam,Good to Be In Love Radio
Coulda' Been Me,Sam Salter,Good to Be In Love Radio
I Don't Want to Be Lonely,Az Yet,Good to Be In Love Radio
Have I Never,A Few Good Men,Good to Be In Love Radio
Tenderly,Sarah Vaughan,I Should Care Radio
Moonlight In Vermont,Ernestine Anderson,I Should Care Radio
Teach Me Tonight,Dinah Washington,I Should Care Radio
Do Nothing 'Til You Hear From Me,Abbey Lincoln,I Should Care Radio
Misty - Remastered,Dakota Staton,I Should Care Radio
Lullaby Of Birdland,Sarah Vaughan,I Should Care Radio
Let's Do It,Eartha Kitt,I Should Care Radio
Comes Love,Irene Kral,I Should Care Radio
All Of Me,Billie Holiday,I Should Care Radio
Mad About the Boy,Ernestine Anderson,I Should Care Radio
Black Coffee,Sarah Vaughan,I Should Care Radio
Willow Weep For Me,Dakota Staton,I Should Care Radio
As Time Goes By,Billie Holiday,I Should Care Radio
Say It (Over And Over Again),John Coltrane Quartet,I Should Care Radio
The Masquerade Is Over,Nancy Wilson;Cannonball Adderley,I Should Care Radio
Come Rain or Come Shine,Sarah Vaughan,I Should Care Radio
There's A Boat Dat's Leavin' Soon For New York,Ernestine Anderson,I Should Care Radio
I'm A Fool To Want You,Dexter Gordon,I Should Care Radio
Lover Man,Billie Holiday,I Should Care Radio
That Old Feeling,Dorothy Dandridge,I Should Care Radio
Words Can't Describe,Sarah Vaughan,I Should Care Radio
It's Easy To Remember,John Coltrane Quartet,I Should Care Radio
This Is Always,Betty Carter,I Should Care Radio
I've Got It Bad And That Ain't Good,Johnny Hodges;Billy Strayhorn,I Should Care Radio
Deed I Do,Blossom Dearie,I Should Care Radio
September Song,Sarah Vaughan,I Should Care Radio
I've Got A Crush On You,Dorothy Dandridge,I Should Care Radio
I Hear Music,Dakota Staton,I Should Care Radio
Cry Me A River,Dexter Gordon,I Should Care Radio
Body And Soul,Morgana King,I Should Care Radio
Honeysuckle Rose,Sarah Vaughan,I Should Care Radio
If I Had You,Etta Jones,I Should Care Radio
The Nearness Of You,Dorothy Dandridge,I Should Care Radio
Don't Take Your Love From Me,Catherine Russell,I Should Care Radio
The Last Time I Saw Paris,Johnny Hodges,I Should Care Radio
Smoke Gets In Your Eyes,Sarah Vaughan,I Should Care Radio
It's Only A Paper Moon,Morgana King,I Should Care Radio
Tea For Two,Blossom Dearie,I Should Care Radio
I'm In The Mood For Love,Erroll Garner,I Should Care Radio
April In Paris,Billie Holiday,I Should Care Radio
Mean to Me,Sarah Vaughan,I Should Care Radio
Beautiful Love,Anita O'Day,I Should Care Radio
I Wish You Love - 2004 Remastered/Remixed,Nancy Wilson,I Should Care Radio
September In The Rain,Dinah Washington,I Should Care Radio
You Don't Know What Love Is,Dakota Staton,I Should Care Radio
They Can't Take That Away From Me,Sarah Vaughan,I Should Care Radio
Tangerine,Coleman Hawkins;Ben Webster,I Should Care Radio
My Funny Valentine - Rudy Van Gelder Remaster 2007,Miles Davis Quintet,I Should Care Radio
How Long Has This Been Going On?,Dorothy Dandridge,I Should Care Radio
Save Your Love For Me,Nancy Wilson;Cannonball Adderley,I Should Care Radio
It's Only A Paper Moon,Ella Fitzgerald;The Delta Rhythm Boys,The Gentleman Is a Dope Radio
Just Me This Year,Rachael & Vilray,The Gentleman Is a Dope Radio
Moonlight In Vermont - 1945 Version,Margaret Whiting,The Gentleman Is a Dope Radio
I've Got My Love To Keep Me Warm,The Mills Brothers,The Gentleman Is a Dope Radio
Let's Do It,Eartha Kitt,The Gentleman Is a Dope Radio
"Bewitched, Bothered, And Bewildered",Ella Fitzgerald,The Gentleman Is a Dope Radio
I'm Making Believe,The Ink Spots;Ella Fitzgerald,The Gentleman Is a Dope Radio
As Time Goes By,Billie Holiday,The Gentleman Is a Dope Radio
Snowfall,Wes Montgomery,The Gentleman Is a Dope Radio
Perfect Time Of Year,Caity Gyorgy,The Gentleman Is a Dope Radio
Night And Day,Ella Fitzgerald,The Gentleman Is a Dope Radio
Too Marvelous For Words,Nat King Cole Trio,The Gentleman Is a Dope Radio
All Of Me,Billie Holiday,The Gentleman Is a Dope Radio
It's De-Lovely,Jeri Southern,The Gentleman Is a Dope Radio
Give Me The Simple Life,Lorez Alexandria,The Gentleman Is a Dope Radio
Cheek To Cheek,Ella Fitzgerald,The Gentleman Is a Dope Radio
Join Me in a Dream,Rachael & Vilray,The Gentleman Is a Dope Radio
I'm Beginning To See The Light,The Ink Spots,The Gentleman Is a Dope Radio
"Blow, Blow Thou Winter Winds",Bob Crosby & The Bob Cats,The Gentleman Is a Dope Radio
The Frim Fram Sauce,Nat King Cole Trio,The Gentleman Is a Dope Radio
I Get A Kick Out Of You,Ella Fitzgerald,The Gentleman Is a Dope Radio
Satin Doll,Lorez Alexandria,The Gentleman Is a Dope Radio
Teach Me Tonight,Dinah Washington,The Gentleman Is a Dope Radio
Moonlight in Vermont,Chris Connor,The Gentleman Is a Dope Radio
Stardust,Nat King Cole,The Gentleman Is a Dope Radio
Someone To Watch Over Me,Ella Fitzgerald,The Gentleman Is a Dope Radio
You're Nobody 'Til Somebody Loves You,Nat King Cole Trio,The Gentleman Is a Dope Radio
It's a Marshmallow World,Jo Stafford,The Gentleman Is a Dope Radio
September In The Rain,Dinah Washington,The Gentleman Is a Dope Radio
Goodnight My Love,Rachael & Vilray,The Gentleman Is a Dope Radio
You Do Something To Me,Ella Fitzgerald,The Gentleman Is a Dope Radio
Lover Man,Billie Holiday,The Gentleman Is a Dope Radio
Dream A Little Dream Of Me - Remastered,Nat King Cole Trio,The Gentleman Is a Dope Radio
Moonglow,Artie Shaw,The Gentleman Is a Dope Radio
That Old Feeling,Dorothy Dandridge,The Gentleman Is a Dope Radio
Early Autumn,Ella Fitzgerald,The Gentleman Is a Dope Radio
Winter Weather,The Pied Pipers,The Gentleman Is a Dope Radio
Autumn In New York,Billie Holiday,The Gentleman Is a Dope Radio
Deed I Do - Remastered 1993,Nat King Cole Trio,The Gentleman Is a Dope Radio
I Wish You Love - 2004 Remastered/Remixed,Nancy Wilson,The Gentleman Is a Dope Radio
All Of You,Ella Fitzgerald,The Gentleman Is a Dope Radio
"Ride On Santa, Ride On",Stan Kenton,The Gentleman Is a Dope Radio
Comes Love,Irene Kral,The Gentleman Is a Dope Radio
I Could Write A Book,Anita O'Day,The Gentleman Is a Dope Radio
"Softly, As In A Morning Sunrise",Artie Shaw,The Gentleman Is a Dope Radio
Blue Skies,Ella Fitzgerald,The Gentleman Is a Dope Radio
On The Sunny Side Of The Street - 1993 Digital Remaster,Nat King Cole Trio,The Gentleman Is a Dope Radio
November Twilight,Julie London,The Gentleman Is a Dope Radio
Naughty Angeline,Art Lund,The Gentleman Is a Dope Radio
You're a Little Like Snow,Caity Gyorgy,The Gentleman Is a Dope Radio
Just One Of Those Things,Ella Fitzgerald,Just One of Those Things Radio
Give Me The Simple Life,Lorez Alexandria,Just One of Those Things Radio
I'm Making Believe,The Ink Spots;Ella Fitzgerald,Just One of Those Things Radio
It Don't Mean A Thing (If It Ain't Got That Swing),Ernestine Anderson,Just One of Those Things Radio
Lullaby Of Birdland,Sarah Vaughan,Just One of Those Things Radio
Ev'rything I've Got,Ella Fitzgerald,Just One of Those Things Radio
Let's Do It,Eartha Kitt,Just One of Those Things Radio
I've Never Been In Love Before,Lorez Alexandria,Just One of Those Things Radio
Comes Love,Irene Kral,Just One of Those Things Radio
I've Got My Love to Keep Me Warm - New Mono to Stereo Mix,Lewis Armstrong;Ella Fitzgerald,Just One of Those Things Radio
From This Moment On,Ella Fitzgerald,Just One of Those Things Radio
Willow Weep For Me,Dakota Staton,Just One of Those Things Radio
Teach Me Tonight,Dinah Washington,Just One of Those Things Radio
Satin Doll,Lorez Alexandria,Just One of Those Things Radio
It's De-Lovely,Jeri Southern,Just One of Those Things Radio
A Ship Without A Sail,Ella Fitzgerald,Just One of Those Things Radio
Moonlight In Vermont,Ernestine Anderson,Just One of Those Things Radio
Bye Bye Blackbird,Etta Jones,Just One of Those Things Radio
Into Each Life Some Rain Must Fall - Single Version,The Ink Spots;Ella Fitzgerald,Just One of Those Things Radio
Cottontail,Duke Ellington;Ella Fitzgerald,Just One of Those Things Radio
It's All Right With Me,Ella Fitzgerald,Just One of Those Things Radio
(How Little It Matters) How Little We Know,Chris Connor,Just One of Those Things Radio
How Deep Is The Ocean - 1993 Digital Remaster,Nat King Cole Trio,Just One of Those Things Radio
As Time Goes By,Billie Holiday,Just One of Those Things Radio
Love for Sale,Ernestine Anderson,Just One of Those Things Radio
How High The Moon,Ella Fitzgerald,Just One of Those Things Radio
Too Close For Comfort,Count Basie;Joe Williams;Ella Fitzgerald,Just One of Those Things Radio
Tenderly,Sarah Vaughan,Just One of Those Things Radio
Softly As In A Morning Sunrise,Lorez Alexandria,Just One of Those Things Radio
All Of You,Billie Holiday,Just One of Those Things Radio
I've Got You Under My Skin,Ella Fitzgerald,Just One of Those Things Radio
There's A Boat Dat's Leavin' Soon For New York,Ernestine Anderson,Just One of Those Things Radio
All Of Me,Billie Holiday,Just One of Those Things Radio
You're Nobody 'Til Somebody Loves You,Nat King Cole Trio,Just One of Those Things Radio
I Hear Music,Dakota Staton,Just One of Those Things Radio
It's Only A Paper Moon,Ella Fitzgerald;The Delta Rhythm Boys,Just One of Those Things Radio
Black Coffee,Sarah Vaughan,Just One of Those Things Radio
My Kinda Love,Ernestine Anderson,Just One of Those Things Radio
On The Sunny Side Of The Street,Billie Holiday,Just One of Those Things Radio
Monday Again,Nat King Cole Trio,Just One of Those Things Radio
Night And Day,Ella Fitzgerald,Just One of Those Things Radio
Gone With The Wind,Dakota Staton,Just One of Those Things Radio
Down In The Depths,Morgana King,Just One of Those Things Radio
There Will Never Be Another You,Ernestine Anderson,Just One of Those Things Radio
Love Is Here To Stay,Billie Holiday,Just One of Those Things Radio
The Lady Is A Tramp,Ella Fitzgerald,Just One of Those Things Radio
I Let A Song Go Out Of My Heart,Irene Kral,Just One of Those Things Radio
The Best Is Yet To Come,Lorez Alexandria,Just One of Those Things Radio
You'll have to swing it,Chick Webb,Just One of Those Things Radio
They Didn't Believe Me,Ernestine Anderson,Just One of Those Things Radio
Let Me Down Slowly,Alec Benjamin,Let Me Down Slowly Radio
Arcade,Duncan Laurence,Let Me Down Slowly Radio
lovely (with Khalid),Billie Eilish;Khalid,Let Me Down Slowly Radio
Infinity,Jaymes Young,Let Me Down Slowly Radio
Hold On,Chord Overstreet,Let Me Down Slowly Radio
Devil Doesn’t Bargain,Alec Benjamin,Let Me Down Slowly Radio
"i hate u, i love u (feat. olivia o'brien)",gnash;Olivia O'Brien,Let Me Down Slowly Radio
Daylight,David Kushner,Let Me Down Slowly Radio
you broke me first,Tate McRae,Let Me Down Slowly Radio
Happiest Year,Jaymes Young,Let Me Down Slowly Radio
Water Fountain,Alec Benjamin,Let Me Down Slowly Radio
Arcade (feat. FLETCHER),Duncan Laurence;FLETCHER,Let Me Down Slowly Radio
If the World Was Ending (feat. Julia Michaels),JP Saxe;Julia Michaels,Let Me Down Slowly Radio
Without Me,Halsey,Let Me Down Slowly Radio
Dusk Till Dawn (feat. Sia) - Radio Edit,ZAYN;Sia,Let Me Down Slowly Radio
Demons,Alec Benjamin,Let Me Down Slowly Radio
Can We Kiss Forever?,Kina;Adriana Proenza,Let Me Down Slowly Radio
In The Stars,Benson Boone,Let Me Down Slowly Radio
Dynasty,MIIA,Let Me Down Slowly Radio
Sorry,Halsey,Let Me Down Slowly Radio
If We Have Each Other,Alec Benjamin,Let Me Down Slowly Radio
Señorita,Shawn Mendes;Camila Cabello,Let Me Down Slowly Radio
Get You The Moon (feat. Snøw),Kina;Snøw,Let Me Down Slowly Radio
Another Love,Tom Odell,Let Me Down Slowly Radio
Cradles,Sub Urban,Let Me Down Slowly Radio
Mind Is A Prison,Alec Benjamin,Let Me Down Slowly Radio
Summertime Sadness,Lana Del Rey,Let Me Down Slowly Radio
Control,Zoe Wees,Let Me Down Slowly Radio
I'm a Mess,Bebe Rexha,Let Me Down Slowly Radio
Runaway,AURORA,Let Me Down Slowly Radio
If I Killed Someone For You,Alec Benjamin,Let Me Down Slowly Radio
Until I Found You (with Em Beihold) - Em Beihold Version,Stephen Sanchez;Em Beihold,Let Me Down Slowly Radio
everything i wanted,Billie Eilish,Let Me Down Slowly Radio
Memories,Maroon 5,Let Me Down Slowly Radio
"Eyes Blue Like The Atlantic, Pt. 2 (feat. Powfu, Alec Benjamin & Rxseboy)",Sista Prod;Powfu;Alec Benjamin;Rxseboy;Sarcastic Sounds,Let Me Down Slowly Radio
Must Have Been The Wind,Alec Benjamin,Let Me Down Slowly Radio
hate u love u,Olivia O'Brien,Let Me Down Slowly Radio
All of Me,John Legend,Let Me Down Slowly Radio
when the party's over,Billie Eilish,Let Me Down Slowly Radio
If You Want Love,NF,Let Me Down Slowly Radio
Outrunning Karma,Alec Benjamin,Let Me Down Slowly Radio
DARKSIDE,Neoni,Let Me Down Slowly Radio
Little Do You Know,Alex & Sierra,Let Me Down Slowly Radio
Moral of the Story,Ashe,Let Me Down Slowly Radio
Toxic,BoyWithUke,Let Me Down Slowly Radio
Jesus in LA,Alec Benjamin,Let Me Down Slowly Radio
SNAP,Rosa Linn,Let Me Down Slowly Radio
Royalty,Egzod;Maestro Chives;Neoni,Let Me Down Slowly Radio
Him & I (with Halsey),G-Eazy;Halsey,Let Me Down Slowly Radio
Change My Clothes,Dream;Alec Benjamin,Let Me Down Slowly Radio
One Last Time,Ariana Grande,One Last Time Radio
Save Your Tears (Remix) (with Ariana Grande) - Bonus Track,The Weeknd;Ariana Grande,One Last Time Radio
We Found Love,Rihanna;Calvin Harris,One Last Time Radio
Rain On Me (with Ariana Grande),Lady Gaga;Ariana Grande,One Last Time Radio
Heart Attack,Demi Lovato,One Last Time Radio
Into You,Ariana Grande,One Last Time Radio
Just the Way You Are,Bruno Mars,One Last Time Radio
Die For You (with Ariana Grande) - Remix,The Weeknd;Ariana Grande,One Last Time Radio
Payphone,Maroon 5;Wiz Khalifa,One Last Time Radio
Call Me Maybe,Carly Rae Jepsen,One Last Time Radio
Break Free,Ariana Grande;Zedd,One Last Time Radio
What Makes You Beautiful,One Direction,One Last Time Radio
Only Girl (In The World),Rihanna,One Last Time Radio
Scars To Your Beautiful,Alessia Cara,One Last Time Radio
Grenade,Bruno Mars,One Last Time Radio
Side To Side,Ariana Grande;Nicki Minaj,One Last Time Radio
"Love Me Like You Do - From ""Fifty Shades Of Grey""",Ellie Goulding,One Last Time Radio
Steal My Girl,One Direction,One Last Time Radio
Umbrella,Rihanna;JAY-Z,One Last Time Radio
Never Be the Same,Camila Cabello,One Last Time Radio
Love Me Harder,Ariana Grande;The Weeknd,One Last Time Radio
Locked out of Heaven,Bruno Mars,One Last Time Radio
One Call Away,Charlie Puth,One Last Time Radio
Perfect,One Direction,One Last Time Radio
Where Have You Been,Rihanna,One Last Time Radio
we can't be friends (wait for your love),Ariana Grande,One Last Time Radio
Party In The U.S.A.,Miley Cyrus,One Last Time Radio
Marry You,Bruno Mars,One Last Time Radio
Rockabye (feat. Sean Paul & Anne-Marie),Clean Bandit;Anne-Marie;Sean Paul,One Last Time Radio
Story of My Life,One Direction,One Last Time Radio
Problem,Ariana Grande;Iggy Azalea,One Last Time Radio
Maps,Maroon 5,One Last Time Radio
Halo,Beyoncé,One Last Time Radio
Closer,The Chainsmokers;Halsey,One Last Time Radio
New Rules,Dua Lipa,One Last Time Radio
no tears left to cry,Ariana Grande,One Last Time Radio
Night Changes,One Direction,One Last Time Radio
2002,Anne-Marie,One Last Time Radio
Burn,Ellie Goulding,One Last Time Radio
Bang Bang,Jessie J;Ariana Grande;Nicki Minaj,One Last Time Radio
Dangerous Woman,Ariana Grande,One Last Time Radio
drivers license,Olivia Rodrigo,One Last Time Radio
Wrecking Ball,Miley Cyrus,One Last Time Radio
I Really Like You,Carly Rae Jepsen,One Last Time Radio
When I Was Your Man,Bruno Mars,One Last Time Radio
"thank u, next",Ariana Grande,One Last Time Radio
Attention,Charlie Puth,One Last Time Radio
Mirrors,Justin Timberlake,One Last Time Radio
Super Bass,Nicki Minaj,One Last Time Radio
Sugar,Maroon 5,One Last Time Radio
Sweater Weather,The Neighbourhood,Sweater Weather Radio
I Wanna Be Yours,Arctic Monkeys,Sweater Weather Radio
Apocalypse,Cigarettes After Sex,Sweater Weather Radio
we fell in love in october,girl in red,Sweater Weather Radio
"Sex, Drugs, Etc.",Beach Weather,Sweater Weather Radio
Daddy Issues,The Neighbourhood,Sweater Weather Radio
Sailor Song,Gigi Perez,Sweater Weather Radio
505,Arctic Monkeys,Sweater Weather Radio
back to friends,sombr,Sweater Weather Radio
Friends,Chase Atlantic,Sweater Weather Radio
Softcore,The Neighbourhood,Sweater Weather Radio
Summertime Sadness,Lana Del Rey,Sweater Weather Radio
K.,Cigarettes After Sex,Sweater Weather Radio
Why'd You Only Call Me When You're High?,Arctic Monkeys,Sweater Weather Radio
Stressed Out,Twenty One Pilots,Sweater Weather Radio
Afraid,The Neighbourhood,Sweater Weather Radio
Freaks,Surf Curse,Sweater Weather Radio
Dark Red,Steve Lacy,Sweater Weather Radio
Heather,Conan Gray,Sweater Weather Radio
Do I Wanna Know?,Arctic Monkeys,Sweater Weather Radio
Reflections,The Neighbourhood,Sweater Weather Radio
Space Song,Beach House,Sweater Weather Radio
i wanna be your girlfriend,girl in red,Sweater Weather Radio
Cry,Cigarettes After Sex,Sweater Weather Radio
Romantic Homicide,d4vd,Sweater Weather Radio
The Beach,The Neighbourhood,Sweater Weather Radio
R U Mine?,Arctic Monkeys,Sweater Weather Radio
I Love You So,The Walters,Sweater Weather Radio
Cigarettes out the Window,TV Girl,Sweater Weather Radio
Sunsetz,Cigarettes After Sex,Sweater Weather Radio
You Get Me So High,The Neighbourhood,Sweater Weather Radio
Brooklyn Baby,Lana Del Rey,Sweater Weather Radio
No. 1 Party Anthem,Arctic Monkeys,Sweater Weather Radio
Swim,Chase Atlantic,Sweater Weather Radio
i like the way you kiss me,Artemas,Sweater Weather Radio
A Little Death,The Neighbourhood,Sweater Weather Radio
Lovers Rock,TV Girl,Sweater Weather Radio
Here With Me,d4vd,Sweater Weather Radio
Snap Out Of It,Arctic Monkeys,Sweater Weather Radio
West Coast,Lana Del Rey,Sweater Weather Radio
Cry Baby,The Neighbourhood,Sweater Weather Radio
Another Love,Tom Odell,Sweater Weather Radio
Bad Habit,Steve Lacy,Sweater Weather Radio
Washing Machine Heart,Mitski,Sweater Weather Radio
Knee Socks,Arctic Monkeys,Sweater Weather Radio
Nervous,The Neighbourhood,Sweater Weather Radio
Diet Mountain Dew,Lana Del Rey,Sweater Weather Radio
Riptide,Vance Joy,Sweater Weather Radio
Cigarette Daydreams,Cage The Elephant,Sweater Weather Radio
The Night We Met,Lord Huron,Sweater Weather Radio
ocean eyes,Billie Eilish,ocean eyes Radio
Heather,Conan Gray,ocean eyes Radio
drivers license,Olivia Rodrigo,ocean eyes Radio
I Wanna Be Yours,Arctic Monkeys,ocean eyes Radio
we fell in love in october,girl in red,ocean eyes Radio
lovely (with Khalid),Billie Eilish;Khalid,ocean eyes Radio
Sweater Weather,The Neighbourhood,ocean eyes Radio
Young And Beautiful,Lana Del Rey,ocean eyes Radio
traitor,Olivia Rodrigo,ocean eyes Radio
The Night We Met,Lord Huron,ocean eyes Radio
when the party's over,Billie Eilish,ocean eyes Radio
Apocalypse,Cigarettes After Sex,ocean eyes Radio
we can't be friends (wait for your love),Ariana Grande,ocean eyes Radio
Say Yes To Heaven,Lana Del Rey,ocean eyes Radio
deja vu,Olivia Rodrigo,ocean eyes Radio
everything i wanted,Billie Eilish,ocean eyes Radio
Let Me Down Slowly,Alec Benjamin,ocean eyes Radio
Sailor Song,Gigi Perez,ocean eyes Radio
Love In The Dark,Adele,ocean eyes Radio
Cinnamon Girl,Lana Del Rey,ocean eyes Radio
Bored,Billie Eilish,ocean eyes Radio
happier,Olivia Rodrigo,ocean eyes Radio
cardigan,Taylor Swift,ocean eyes Radio
Sign of the Times,Harry Styles,ocean eyes Radio
Cry,Cigarettes After Sex,ocean eyes Radio
"What Was I Made For? [From The Motion Picture ""Barbie""]",Billie Eilish,ocean eyes Radio
Summertime Sadness,Lana Del Rey,ocean eyes Radio
back to friends,sombr,ocean eyes Radio
"I Love You, I'm Sorry",Gracie Abrams,ocean eyes Radio
Falling,Harry Styles,ocean eyes Radio
BIRDS OF A FEATHER,Billie Eilish,ocean eyes Radio
Lose You To Love Me,Selena Gomez,ocean eyes Radio
"All I Want - From ""High School Musical: The Musical: The Series""",Olivia Rodrigo;Disney,ocean eyes Radio
If the World Was Ending (feat. Julia Michaels),JP Saxe;Julia Michaels,ocean eyes Radio
K.,Cigarettes After Sex,ocean eyes Radio
TV,Billie Eilish,ocean eyes Radio
Daddy Issues,The Neighbourhood,ocean eyes Radio
Video Games,Lana Del Rey,ocean eyes Radio
Runaway,AURORA,ocean eyes Radio
Those Eyes,New West,ocean eyes Radio
Happier Than Ever,Billie Eilish,ocean eyes Radio
you broke me first,Tate McRae,ocean eyes Radio
My Love Mine All Mine,Mitski,ocean eyes Radio
Daylight,David Kushner,ocean eyes Radio
vampire,Olivia Rodrigo,ocean eyes Radio
WILDFLOWER,Billie Eilish,ocean eyes Radio
Glimpse of Us,Joji,ocean eyes Radio
golden hour,JVKE,ocean eyes Radio
Sunsetz,Cigarettes After Sex,ocean eyes Radio
July,Noah Cyrus,ocean eyes Radio
One Dance,Drake;Wizkid;Kyla,One Dance Radio
Work,Rihanna;Drake,One Dance Radio
No Guidance (feat. Drake),Chris Brown;Drake,One Dance Radio
WAIT FOR U (feat. Drake & Tems),Future;Drake;Tems,One Dance Radio
Girls Need Love (with Drake) - Remix,Summer Walker;Drake,One Dance Radio
Passionfruit,Drake,One Dance Radio
goosebumps,Travis Scott,One Dance Radio
Love Me,Lil Wayne;Drake;Future,One Dance Radio
Wild Thoughts (feat. Rihanna & Bryson Tiller),DJ Khaled;Rihanna;Bryson Tiller,One Dance Radio
Life Is Good (feat. Drake),Future;Drake,One Dance Radio
Hotline Bling,Drake,One Dance Radio
Drama (feat. Drake),Roy Woods;Drake,One Dance Radio
What's My Name?,Rihanna;Drake,One Dance Radio
Sorry,Justin Bieber,One Dance Radio
GREECE (feat. Drake),DJ Khaled;Drake,One Dance Radio
God's Plan,Drake,One Dance Radio
Lean On,Major Lazer;DJ Snake;MØ,One Dance Radio
MIA,Bad Bunny;Drake,One Dance Radio
"All The Stars (with SZA) - From ""Black Panther: The Album""",Kendrick Lamar;SZA,One Dance Radio
Unforgettable,French Montana;Swae Lee,One Dance Radio
Too Good,Drake;Rihanna,One Dance Radio
Let Me Love You,DJ Snake;Justin Bieber,One Dance Radio
Walk It Talk It,Migos;Drake,One Dance Radio
Cold Water,Major Lazer;Justin Bieber;MØ,One Dance Radio
Time of Our Lives,Pitbull;Ne-Yo,One Dance Radio
In My Feelings,Drake,One Dance Radio
SICKO MODE,Travis Scott,One Dance Radio
LOVE. FEAT. ZACARI.,Kendrick Lamar;Zacari,One Dance Radio
One Kiss (with Dua Lipa),Calvin Harris;Dua Lipa,One Dance Radio
Come and See Me (feat. Drake),PARTYNEXTDOOR;Drake,One Dance Radio
Controlla,Drake,One Dance Radio
rockstar (feat. 21 Savage),Post Malone;21 Savage,One Dance Radio
HIGHEST IN THE ROOM,Travis Scott,One Dance Radio
Closer,The Chainsmokers;Halsey,One Dance Radio
Heartless,Kanye West,One Dance Radio
"Hold On, We're Going Home",Drake;Majid Jordan,One Dance Radio
Recognize (feat. Drake),PARTYNEXTDOOR;Drake,One Dance Radio
Work from Home (feat. Ty Dolla $ign),Fifth Harmony;Ty Dolla $ign,One Dance Radio
BUTTERFLY EFFECT,Travis Scott,One Dance Radio
This Is What You Came For,Calvin Harris;Rihanna,One Dance Radio
Fake Love,Drake,One Dance Radio
Don't,Bryson Tiller,One Dance Radio
No Role Modelz,J. Cole,One Dance Radio
POPSTAR (feat. Drake),DJ Khaled;Drake,One Dance Radio
What Do You Mean?,Justin Bieber,One Dance Radio
Laugh Now Cry Later (feat. Lil Durk),Drake;Lil Durk,One Dance Radio
She Will,Lil Wayne;Drake,One Dance Radio
Joro,Wizkid,One Dance Radio
DIE TRYING,PARTYNEXTDOOR;Drake;Yebba,One Dance Radio
Under The Influence,Chris Brown,One Dance Radio
Starboy,The Weeknd;Daft Punk,Starboy Radio
Creepin' (with The Weeknd & 21 Savage),Metro Boomin;The Weeknd;21 Savage,Starboy Radio
Lost in the Fire (feat. The Weeknd),Gesaffelstein;The Weeknd,Starboy Radio
Moth To A Flame (with The Weeknd),Swedish House Mafia;The Weeknd,Starboy Radio
Love Me Harder,Ariana Grande;The Weeknd,Starboy Radio
Blinding Lights,The Weeknd,Starboy Radio
You Right,Doja Cat;The Weeknd,Starboy Radio
Low Life (feat. The Weeknd),Future;The Weeknd,Starboy Radio
One Dance,Drake;Wizkid;Kyla,Starboy Radio
I Wanna Be Yours,Arctic Monkeys,Starboy Radio
Die For You,The Weeknd,Starboy Radio
One Right Now (with The Weeknd),Post Malone;The Weeknd,Starboy Radio
"All The Stars (with SZA) - From ""Black Panther: The Album""",Kendrick Lamar;SZA,Starboy Radio
Let Me Love You,DJ Snake;Justin Bieber,Starboy Radio
Sweater Weather,The Neighbourhood,Starboy Radio
"One Of The Girls (with JENNIE, Lily Rose Depp)",The Weeknd;JENNIE;Lily-Rose Depp,Starboy Radio
Attention,Charlie Puth,Starboy Radio
Sunflower - Spider-Man: Into the Spider-Verse,Post Malone;Swae Lee,Starboy Radio
Sorry,Justin Bieber,Starboy Radio
"Or Nah (feat. The Weeknd, Wiz Khalifa & DJ Mustard) - Remix",Ty Dolla $ign;The Weeknd;Wiz Khalifa;Mustard,Starboy Radio
The Hills,The Weeknd,Starboy Radio
As It Was,Harry Styles,Starboy Radio
Unforgettable,French Montana;Swae Lee,Starboy Radio
rockstar (feat. 21 Savage),Post Malone;21 Savage,Starboy Radio
Side To Side,Ariana Grande;Nicki Minaj,Starboy Radio
I Feel It Coming,The Weeknd;Daft Punk,Starboy Radio
Under The Influence,Chris Brown,Starboy Radio
We Don't Talk Anymore (feat. Selena Gomez),Charlie Puth;Selena Gomez,Starboy Radio
Get Lucky (Radio Edit) [feat. Pharrell Williams and Nile Rodgers],Daft Punk;Pharrell Williams;Nile Rodgers,Starboy Radio
Swim,Chase Atlantic,Starboy Radio
Can't Feel My Face,The Weeknd,Starboy Radio
Hotline Bling,Drake,Starboy Radio
7 rings,Ariana Grande,Starboy Radio
New Rules,Dua Lipa,Starboy Radio
That's What I Like,Bruno Mars,Starboy Radio
After Hours,The Weeknd,Starboy Radio
STAY (with Justin Bieber),The Kid LAROI;Justin Bieber,Starboy Radio
Señorita,Shawn Mendes;Camila Cabello,Starboy Radio
Die With A Smile,Lady Gaga;Bruno Mars,Starboy Radio
Summertime Sadness,Lana Del Rey,Starboy Radio
Call Out My Name,The Weeknd,Starboy Radio
goosebumps,Travis Scott,Starboy Radio
Circles,Post Malone,Starboy Radio
BIRDS OF A FEATHER,Billie Eilish,Starboy Radio
There's Nothing Holdin' Me Back,Shawn Mendes,Starboy Radio
Save Your Tears,The Weeknd,Starboy Radio
Softcore,The Neighbourhood,Starboy Radio
Heat Waves,Glass Animals,Starboy Radio
Havana (feat. Young Thug),Camila Cabello;Young Thug,Starboy Radio
God's Plan,Drake,Starboy Radio
Rolling in the Deep,Adele,Rolling in the Deep Radio
Locked out of Heaven,Bruno Mars,Rolling in the Deep Radio
Just Give Me a Reason (feat. Nate Ruess),P!nk;Nate Ruess,Rolling in the Deep Radio
Roar,Katy Perry,Rolling in the Deep Radio
Counting Stars,OneRepublic,Rolling in the Deep Radio
Set Fire to the Rain,Adele,Rolling in the Deep Radio
Stay With Me,Sam Smith,Rolling in the Deep Radio
Just the Way You Are,Bruno Mars,Rolling in the Deep Radio
Viva La Vida,Coldplay,Rolling in the Deep Radio
Firework,Katy Perry,Rolling in the Deep Radio
Hello,Adele,Rolling in the Deep Radio
All of Me,John Legend,Rolling in the Deep Radio
I'm Not The Only One,Sam Smith,Rolling in the Deep Radio
Grenade,Bruno Mars,Rolling in the Deep Radio
Paradise,Coldplay,Rolling in the Deep Radio
Someone Like You,Adele,Rolling in the Deep Radio
Dark Horse,Katy Perry;Juicy J,Rolling in the Deep Radio
Photograph,Ed Sheeran,Rolling in the Deep Radio
Uptown Funk (feat. Bruno Mars),Mark Ronson;Bruno Mars,Rolling in the Deep Radio
The Lazy Song,Bruno Mars,Rolling in the Deep Radio
Send My Love (To Your New Lover),Adele,Rolling in the Deep Radio
Umbrella,Rihanna;JAY-Z,Rolling in the Deep Radio
Take Me To Church,Hozier,Rolling in the Deep Radio
Let Her Go,Passenger,Rolling in the Deep Radio
Girl on Fire,Alicia Keys,Rolling in the Deep Radio
Skyfall,Adele,Rolling in the Deep Radio
Thinking out Loud,Ed Sheeran,Rolling in the Deep Radio
Stay,Rihanna;Mikky Ekko,Rolling in the Deep Radio
Poker Face,Lady Gaga,Rolling in the Deep Radio
Sugar,Maroon 5,Rolling in the Deep Radio
When We Were Young,Adele,Rolling in the Deep Radio
Hot N Cold,Katy Perry,Rolling in the Deep Radio
Marry You,Bruno Mars,Rolling in the Deep Radio
We Found Love,Rihanna;Calvin Harris,Rolling in the Deep Radio
Bad Romance,Lady Gaga,Rolling in the Deep Radio
Rumour Has It,Adele,Rolling in the Deep Radio
"Moves Like Jagger - Studio Recording From ""The Voice"" Performance",Maroon 5;Christina Aguilera,Rolling in the Deep Radio
Summertime Sadness,Lana Del Rey,Rolling in the Deep Radio
Wake Me Up,Avicii,Rolling in the Deep Radio
Love On The Brain,Rihanna,Rolling in the Deep Radio
Easy On Me,Adele,Rolling in the Deep Radio
Hymn for the Weekend,Coldplay,Rolling in the Deep Radio
Stitches,Shawn Mendes,Rolling in the Deep Radio
Try,P!nk,Rolling in the Deep Radio
Die With A Smile,Lady Gaga;Bruno Mars,Rolling in the Deep Radio
Love In The Dark,Adele,Rolling in the Deep Radio
Maps,Maroon 5,Rolling in the Deep Radio
Only Love Can Hurt Like This,Paloma Faith,Rolling in the Deep Radio
The One That Got Away,Katy Perry,Rolling in the Deep Radio
All About That Bass,Meghan Trainor,Rolling in the Deep Radio
Airplanes (feat. Hayley Williams of Paramore),B.o.B;Hayley Williams,Airplanes Radio
Price Tag,Jessie J;B.o.B,Airplanes Radio
DJ Got Us Fallin' In Love (feat. Pitbull),USHER;Pitbull,Airplanes Radio
Whatcha Say,Jason Derulo,Airplanes Radio
Just A Dream,Nelly,Airplanes Radio
So Good,B.o.B,Airplanes Radio
Stereo Hearts (feat. Adam Levine),Gym Class Heroes;Adam Levine,Airplanes Radio
"Hey, Soul Sister",Train,Airplanes Radio
Apologize,Timbaland;OneRepublic,Airplanes Radio
Ridin' Solo,Jason Derulo,Airplanes Radio
Magic (feat. Rivers Cuomo),B.o.B;Rivers Cuomo,Airplanes Radio
Last Friday Night (T.G.I.F.),Katy Perry,Airplanes Radio
Am I Wrong,Nico & Vinz,Airplanes Radio
Love The Way You Lie,Eminem;Rihanna,Airplanes Radio
Without You (feat. Usher),David Guetta;USHER,Airplanes Radio
In My Head,Jason Derulo,Airplanes Radio
Nothin' on You (feat. Bruno Mars),B.o.B;Bruno Mars,Airplanes Radio
Live Your Life,T.I.;Rihanna,Airplanes Radio
Fireflies,Owl City,Airplanes Radio
Just Can’t Get Enough,Black Eyed Peas,Airplanes Radio
Kiss Me Thru The Phone,Soulja Boy;Sammie,Airplanes Radio
Trumpets,Jason Derulo,Airplanes Radio
"Airplanes, Pt. II (feat. Eminem & Hayley Williams of Paramore)",B.o.B;Eminem;Hayley Williams,Airplanes Radio
Some Nights,fun.,Airplanes Radio
Teenage Dream,Katy Perry,Airplanes Radio
Drive By,Train,Airplanes Radio
Glad You Came,The Wanted,Airplanes Radio
It Girl,Jason Derulo,Airplanes Radio
Good Time,Owl City;Carly Rae Jepsen,Airplanes Radio
Umbrella,Rihanna;JAY-Z,Airplanes Radio
Classic,MKTO,Airplanes Radio
The Monster,Eminem;Rihanna,Airplanes Radio
California Gurls,Katy Perry;Snoop Dogg,Airplanes Radio
Stay The Night - Featuring Hayley Williams Of Paramore,Zedd;Hayley Williams,Airplanes Radio
Billionaire (feat. Bruno Mars),Travie McCoy;Bruno Mars,Airplanes Radio
Ass Back Home (feat. Neon Hitch),Gym Class Heroes;Neon Hitch,Airplanes Radio
Whatever You Like,T.I.,Airplanes Radio
Domino,Jessie J,Airplanes Radio
Counting Stars,OneRepublic,Airplanes Radio
One More Night,Maroon 5,Airplanes Radio
Die Young,Kesha,Airplanes Radio
Coming Home,Diddy - Dirty Money;Skylar Grey,Airplanes Radio
Dead And Gone,T.I.;Justin Timberlake,Airplanes Radio
Give Me Everything (feat. Nayer),Pitbull;AFROJACK;Ne-Yo;Nayer,Airplanes Radio
Hot N Cold,Katy Perry,Airplanes Radio
Animals,Maroon 5,Airplanes Radio
Hall of Fame (feat. will.i.am),The Script;will.i.am,Airplanes Radio
Raise Your Glass,P!nk,Airplanes Radio
If We Ever Meet Again (Featuring Katy Perry),Timbaland;Katy Perry,Airplanes Radio
I Gotta Feeling,Black Eyed Peas,Airplanes Radio
That's What I Like,Bruno Mars,That’s What I Like Radio
Please Me,Cardi B;Bruno Mars,That’s What I Like Radio
Die With A Smile,Lady Gaga;Bruno Mars,That’s What I Like Radio
Uptown Funk (feat. Bruno Mars),Mark Ronson;Bruno Mars,That’s What I Like Radio
Nothin' on You (feat. Bruno Mars),B.o.B;Bruno Mars,That’s What I Like Radio
Treasure,Bruno Mars,That’s What I Like Radio
Billionaire (feat. Bruno Mars),Travie McCoy;Bruno Mars,That’s What I Like Radio
Attention,Charlie Puth,That’s What I Like Radio
Sorry,Justin Bieber,That’s What I Like Radio
"Young, Wild & Free (feat. Bruno Mars)",Snoop Dogg;Wiz Khalifa;Bruno Mars,That’s What I Like Radio
24K Magic,Bruno Mars,That’s What I Like Radio
There's Nothing Holdin' Me Back,Shawn Mendes,That’s What I Like Radio
Shape of You,Ed Sheeran,That’s What I Like Radio
Wake Up in the Sky,Gucci Mane;Bruno Mars;Kodak Black,That’s What I Like Radio
Love Yourself,Justin Bieber,That’s What I Like Radio
Leave The Door Open,Bruno Mars;Anderson .Paak;Silk Sonic,That’s What I Like Radio
Closer,The Chainsmokers;Halsey,That’s What I Like Radio
Treat You Better,Shawn Mendes,That’s What I Like Radio
Sugar,Maroon 5,That’s What I Like Radio
"Feels (feat. Pharrell Williams, Katy Perry & Big Sean)",Calvin Harris;Pharrell Williams;Katy Perry;Big Sean;Funk Wav,That’s What I Like Radio
The Lazy Song,Bruno Mars,That’s What I Like Radio
Nothing on You,B.o.B;Bruno Mars,That’s What I Like Radio
Baby,Justin Bieber;Ludacris,That’s What I Like Radio
Best Part (feat. H.E.R.),Daniel Caesar;H.E.R.,That’s What I Like Radio
Señorita,Shawn Mendes;Camila Cabello,That’s What I Like Radio
Finesse,Bruno Mars,That’s What I Like Radio
We Don't Talk Anymore (feat. Selena Gomez),Charlie Puth;Selena Gomez,That’s What I Like Radio
Die For You,The Weeknd,That’s What I Like Radio
Confident - Single Version,Justin Bieber;Chance the Rapper,That’s What I Like Radio
I Like Me Better,Lauv,That’s What I Like Radio
Locked out of Heaven,Bruno Mars,That’s What I Like Radio
Don't Wanna Know,Maroon 5;Kendrick Lamar,That’s What I Like Radio
How Long,Charlie Puth,That’s What I Like Radio
"thank u, next",Ariana Grande,That’s What I Like Radio
What Do You Mean?,Justin Bieber,That’s What I Like Radio
Versace on the Floor,Bruno Mars,That’s What I Like Radio
Snooze,SZA,That’s What I Like Radio
Thinking out Loud,Ed Sheeran,That’s What I Like Radio
Stitches,Shawn Mendes,That’s What I Like Radio
Let Me Love You,DJ Snake;Justin Bieber,That’s What I Like Radio
Finesse - Remix; feat. Cardi B,Bruno Mars;Cardi B,That’s What I Like Radio
Payphone,Maroon 5;Wiz Khalifa,That’s What I Like Radio
"CAN'T STOP THE FEELING! (from DreamWorks Animation's ""TROLLS"")",Justin Timberlake,That’s What I Like Radio
What Makes You Beautiful,One Direction,That’s What I Like Radio
Kiss Me More (feat. SZA),Doja Cat;SZA,That’s What I Like Radio
When I Was Your Man,Bruno Mars,That’s What I Like Radio
Work,Rihanna;Drake,That’s What I Like Radio
What Lovers Do,Maroon 5;SZA,That’s What I Like Radio
I'm Not The Only One,Sam Smith,That’s What I Like Radio
Sunflower - Spider-Man: Into the Spider-Verse,Post Malone;Swae Lee,That’s What I Like Radio
Eastside (with Halsey & Khalid),benny blanco;Halsey;Khalid,Eastside Radio
Without Me,Halsey,Eastside Radio
Better,Khalid,Eastside Radio
Beautiful People (feat. Khalid),Ed Sheeran;Khalid,Eastside Radio
Ocean (feat. Khalid),Martin Garrix;Khalid,Eastside Radio
Dancing With A Stranger (with Normani),Sam Smith;Normani,Eastside Radio
Youngblood,5 Seconds of Summer,Eastside Radio
Bad At Love,Halsey,Eastside Radio
Love Lies,Khalid;Normani,Eastside Radio
Youth (feat. Khalid),Shawn Mendes;Khalid,Eastside Radio
lovely (with Khalid),Billie Eilish;Khalid,Eastside Radio
Circles,Post Malone,Eastside Radio
Closer,The Chainsmokers;Halsey,Eastside Radio
Graveyard,Halsey,Eastside Radio
Young Dumb & Broke,Khalid,Eastside Radio
Back To You - From 13 Reasons Why – Season 2 Soundtrack,Selena Gomez,Eastside Radio
The Middle,Zedd;Maren Morris;Grey,Eastside Radio
Issues,Julia Michaels,Eastside Radio
Electric (feat. Khalid),Alina Baraz;Khalid,Eastside Radio
Now Or Never,Halsey,Eastside Radio
Saturday Nights,Khalid,Eastside Radio
Eastside (with Halsey & Khalid) - Acoustic,benny blanco;Halsey;Khalid,Eastside Radio
Silence,Marshmello;Khalid,Eastside Radio
Sunflower - Spider-Man: Into the Spider-Verse,Post Malone;Swae Lee,Eastside Radio
PILLOWTALK,ZAYN,Eastside Radio
You should be sad,Halsey,Eastside Radio
Talk (feat. Disclosure),Khalid;Disclosure,Eastside Radio
Happy Now,Zedd;Elley Duhé,Eastside Radio
Starving,Hailee Steinfeld;Grey;Zedd,Eastside Radio
Be Alright,Dean Lewis,Eastside Radio
I Don’t Wanna Live Forever (Fifty Shades Darker),ZAYN;Taylor Swift,Eastside Radio
Alone - Bonus Track,Halsey;Big Sean;Stefflon Don,Eastside Radio
8TEEN,Khalid,Eastside Radio
Hate Me,Ellie Goulding;Juice WRLD,Eastside Radio
"Let Me Go (with Alesso, Florida Georgia Line & watt)",Hailee Steinfeld;Alesso;Florida Georgia Line;WATT,Eastside Radio
Ruin My Life,Zara Larsson,Eastside Radio
Lonely (with benny blanco),Justin Bieber;benny blanco,Eastside Radio
11 Minutes (with Halsey feat. Travis Barker),YUNGBLUD;Halsey;Travis Barker,Eastside Radio
Location,Khalid,Eastside Radio
If I Can't Have You,Shawn Mendes,Eastside Radio
Slow Hands,Niall Horan,Eastside Radio
Be Like That - feat. Swae Lee & Khalid,Kane Brown;Swae Lee;Khalid,Eastside Radio
you broke me first,Tate McRae,Eastside Radio
Love Yourself,Justin Bieber,Eastside Radio
Suncity (feat. Empress Of),Khalid;Empress Of,Eastside Radio
"i hate u, i love u (feat. olivia o'brien)",gnash;Olivia O'Brien,Eastside Radio
Floating (feat. Khalid),Alina Baraz;Khalid,Eastside Radio
"These Days (feat. Jess Glynne, Macklemore & Dan Caplen)",Rudimental;Jess Glynne;Macklemore;Dan Caplen,Eastside Radio
Sucker,Jonas Brothers,Eastside Radio
There's Nothing Holdin' Me Back,Shawn Mendes,Eastside Radio
No Role Modelz,J. Cole,No Role Modelz Radio
XO Tour Llif3,Lil Uzi Vert,No Role Modelz Radio
Bound 2,Kanye West,No Role Modelz Radio
"Everyday (feat. Rod Stewart, Miguel & Mark Ronson)",A$AP Rocky;Rod Stewart;Miguel;Mark Ronson,No Role Modelz Radio
Under The Sun (with J. Cole & Lute feat. DaBaby),Dreamville;J. Cole;Lute;DaBaby,No Role Modelz Radio
Work Out,J. Cole,No Role Modelz Radio
Drip Too Hard (Lil Baby & Gunna),Lil Baby;Gunna,No Role Modelz Radio
Drowning (feat. Kodak Black),A Boogie Wit da Hoodie;Kodak Black,No Role Modelz Radio
Heartless,Kanye West,No Role Modelz Radio
Congratulations,Post Malone;Quavo,No Role Modelz Radio
Wet Dreamz,J. Cole,No Role Modelz Radio
Mask Off,Future,No Role Modelz Radio
20 Min,Lil Uzi Vert,No Role Modelz Radio
This Could Be Us,Rae Sremmurd,No Role Modelz Radio
Flashing Lights,Kanye West;Dwele,No Role Modelz Radio
MIDDLE CHILD,J. Cole,No Role Modelz Radio
Praise The Lord (Da Shine) (feat. Skepta),A$AP Rocky;Skepta,No Role Modelz Radio
Solo,Future,No Role Modelz Radio
Trap Queen,Fetty Wap,No Role Modelz Radio
Pretty Little Fears (feat. J. Cole),6LACK;J. Cole,No Role Modelz Radio
Love Yourz,J. Cole,No Role Modelz Radio
Father Stretch My Hands Pt. 1,Kanye West,No Role Modelz Radio
Day 'N' Nite (Nightmare),Kid Cudi,No Role Modelz Radio
Low Life (feat. The Weeknd),Future;The Weeknd,No Role Modelz Radio
CARNIVAL,¥$;Kanye West;Ty Dolla $ign,No Role Modelz Radio
Power Trip (feat. Miguel),J. Cole;Miguel,No Role Modelz Radio
The Box,Roddy Ricch,No Role Modelz Radio
Can't Tell Me Nothing,Kanye West,No Role Modelz Radio
fukumean,Gunna,No Role Modelz Radio
Wake Up in the Sky,Gucci Mane;Bruno Mars;Kodak Black,No Role Modelz Radio
G.O.M.D,J. Cole,No Role Modelz Radio
Look Back at It,A Boogie Wit da Hoodie,No Role Modelz Radio
The Way Life Goes (feat. Oh Wonder),Lil Uzi Vert;Oh Wonder,No Role Modelz Radio
Violent Crimes,Kanye West,No Role Modelz Radio
Freestyle,Lil Baby,No Role Modelz Radio
She Knows (feat. Amber Coffman & Cults),J. Cole;Cults;Amber Coffman,No Role Modelz Radio
For The Night (feat. Lil Baby & DaBaby),Pop Smoke;Lil Baby;DaBaby,No Role Modelz Radio
Tyler Herro,Jack Harlow,No Role Modelz Radio
Hate It Or Love It,The Game;50 Cent,No Role Modelz Radio
All Falls Down,Kanye West;Syleena Johnson,No Role Modelz Radio
Deja Vu,J. Cole,No Role Modelz Radio
Don't,Bryson Tiller,No Role Modelz Radio
Sundress,A$AP Rocky,No Role Modelz Radio
Pure Cocaine,Lil Baby,No Role Modelz Radio
Break from Toronto,PARTYNEXTDOOR,No Role Modelz Radio
Apparently,J. Cole,No Role Modelz Radio
I Wonder,Kanye West,No Role Modelz Radio
Bad and Boujee (feat. Lil Uzi Vert),Migos;Lil Uzi Vert,No Role Modelz Radio
3005,Childish Gambino,No Role Modelz Radio
PUFFIN ON ZOOTIEZ,Future,No Role Modelz Radio
Borderline,Tame Impala,Borderline Radio
Walking On A Dream,Empire Of The Sun,Borderline Radio
Neverender,Justice;Tame Impala,Borderline Radio
Electric Feel,MGMT,Borderline Radio
Chamber Of Reflection,Mac DeMarco,Borderline Radio
The Less I Know The Better,Tame Impala,Borderline Radio
Dark Red,Steve Lacy,Borderline Radio
We Are The People,Empire Of The Sun,Borderline Radio
Space Song,Beach House,Borderline Radio
Time To Pretend,MGMT,Borderline Radio
Feels Like We Only Go Backwards,Tame Impala,Borderline Radio
Freaking Out the Neighborhood,Mac DeMarco,Borderline Radio
Bad Habit,Steve Lacy,Borderline Radio
The Adults Are Talking,The Strokes,Borderline Radio
Midnight City,M83,Borderline Radio
Let It Happen,Tame Impala,Borderline Radio
Kids,MGMT,Borderline Radio
Can I Call You Tonight?,Dayglow,Borderline Radio
Electric Love,BØRNS,Borderline Radio
Show Me How,Men I Trust,Borderline Radio
Is It True,Tame Impala,Borderline Radio
The Look,Metronomy,Borderline Radio
Little Dark Age,MGMT,Borderline Radio
For the First Time,Mac DeMarco,Borderline Radio
End of Beginning,Djo,Borderline Radio
"New Person, Same Old Mistakes",Tame Impala,Borderline Radio
What Once Was,Her's,Borderline Radio
Brazil,Declan McKenna,Borderline Radio
Lovers Rock,TV Girl,Borderline Radio
My Kind of Woman,Mac DeMarco,Borderline Radio
One More Hour,Tame Impala,Borderline Radio
Young Folks,Peter Bjorn and John,Borderline Radio
Shut up My Moms Calling,Hotel Ugly,Borderline Radio
Sweater Weather,The Neighbourhood,Borderline Radio
Money,The Drums,Borderline Radio
Eventually,Tame Impala,Borderline Radio
Someday,The Strokes,Borderline Radio
Redbone,Childish Gambino,Borderline Radio
Wait a Minute!,WILLOW,Borderline Radio
Instant Crush (feat. Julian Casablancas),Daft Punk;Julian Casablancas,Borderline Radio
Lost In Yesterday,Tame Impala,Borderline Radio
Funny Thing,Thundercat,Borderline Radio
Sweet Disposition,The Temper Trap,Borderline Radio
Breezeblocks,alt-J,Borderline Radio
505,Arctic Monkeys,Borderline Radio
Yes I'm Changing,Tame Impala,Borderline Radio
"After The Storm (feat. Tyler, The Creator & Bootsy Collins)","Kali Uchis;Tyler, The Creator;Bootsy Collins",Borderline Radio
Freaks,Surf Curse,Borderline Radio
Alive,Empire Of The Sun,Borderline Radio
See You Again (feat. Kali Uchis),"Tyler, The Creator;Kali Uchis",Borderline Radio
